<?xml version="1.0" encoding="utf-8"?>

<!-- 
    Copyright (C)  2009  Sukharev Dmitriy, Dzyuban Yuriy, Voitova Anastasiia.
    
    This file is part of Petri nets Emulator.
    
    Petri nets Emulator is free software: you can redistribute it and/or modify
    it under the terms of the GNU General Public License as published by
    the Free Software Foundation, either version 3 of the License, or
    (at your option) any later version.
    
    Petri nets Emulator is distributed in the hope that it will be useful,
    but WITHOUT ANY WARRANTY; without even the implied warranty of
    MERCHANTABILITY or FITNESS FOR A PARTICULAR PURPOSE.  See the
    GNU General Public License for more details.
    
    You should have received a copy of the GNU General Public License
    along with Petri nets Emulator. If not, see <http://www.gnu.org/licenses/>.
 -->
 
<project name="Diagram" default="create" basedir=".">

	<property name="project.name" value="petri_nets" />

	<property name="outputDir" value="bin" />
	<property name="resDir"   value="${outputDir}/view/res" />
	

<!-- ...................... Clearing project folder ................
	<target name="clear">
		<delete dir="${outputDir}" />
	</target> -->

<!-- ...................... Creating project folders ............... -->
	<target name="create">
		<mkdir dir="${outputDir}"/>
		
		<copy todir="${resDir}">
		    <fileset dir="./res" />
		</copy>
	</target>

</project>