<?xml version="1.0" encoding="UTF-8"?>
<project>
    <Place no="1" x="300" y="90" numTokens="0" >
        <Arc to="1" x1="300" y1="90" x2="316" y2="85" x3="385" y3="85" x4="390" y4="90" />
        <Arc to="1" x1="300" y1="90" x2="316" y2="95" x3="385" y3="95" x4="390" y4="90" />
    </Place>

    <Transition no="1" x="390" y="90" lyambda="0.0" g="0.0" r="0.0" >
        <Arc to="2" x1="390" y1="90" x2="396" y2="85" x3="459" y3="85" x4="475" y4="90" />
        <Arc to="2" x1="390" y1="90" x2="396" y2="95" x3="461" y3="95" x4="475" y4="90" />
    </Transition>

    <Place no="2" x="475" y="90" numTokens="0" >
        <Arc to="2" x1="475" y1="90" x2="540" y2="90" />
    </Place>

    <Transition no="2" x="540" y="90" lyambda="0.0" g="0.0" r="0.0" >
        <Arc to="3" x1="540" y1="90" x2="625" y2="90" />
    </Transition>

    <Place no="3" x="625" y="90" numTokens="2" >
        <Arc to="3" x1="625" y1="90" x2="606" y2="65" x3="606" y3="30" x4="625" y4="30" />
        <Arc to="4" x1="625" y1="90" x2="700" y2="90" />
    </Place>

    <Transition no="3" x="625" y="30" lyambda="0.03" g="0.2" r="0.3" >
        <Arc to="4" x1="625" y1="30" x2="670" y2="30" x3="670" y3="125" x4="625" y4="145" />
        <Arc to="2" x1="625" y1="30" x2="619" y2="23" x3="475" y3="23" x4="475" y4="90" />
    </Transition>

    <Transition no="4" x="700" y="90" lyambda="0.03" g="0.2" r="0.7" >
        <Arc to="4" x1="700" y1="90" x2="725" y2="90" x3="725" y3="145" x4="625" y4="145" />
        <Arc to="5" x1="700" y1="90" x2="707" y2="80" x3="725" y3="80" x4="725" y4="5" x5="10" y5="5" x6="10" y6="255" x7="50" y7="255" />
    </Transition>

    <Place no="4" x="625" y="145" numTokens="1" >
        <Arc to="2" x1="625" y1="145" x2="515" y2="145" x3="515" y3="100" x4="540" y4="90" />
    </Place>

    <Transition no="5" x="116" y="255" lyambda="0.0" g="0.0" r="0.0" >
        <Arc to="6" x1="116" y1="255" x2="122" y2="250" x3="164" y3="250" x4="180" y4="255" />
        <Arc to="6" x1="116" y1="255" x2="122" y2="260" x3="164" y3="260" x4="180" y4="255" />
    </Transition>

    <Place no="5" x="50" y="255" numTokens="0" >
        <Arc to="5" x1="50" y1="255" x2="65" y2="250" x3="110" y3="250" x4="116" y4="255" />
        <Arc to="5" x1="50" y1="255" x2="65" y2="260" x3="110" y3="260" x4="116" y4="255" />
    </Place>

    <Place no="6" x="180" y="255" numTokens="0" >
        <Arc to="6" x1="180" y1="255" x2="240" y2="255" />
    </Place>

    <Transition no="6" x="240" y="255" lyambda="0.0" g="0.0" r="0.0" >
        <Arc to="7" x1="240" y1="255" x2="300" y2="255" />
    </Transition>

    <Place no="8" x="240" y="310" numTokens="1" >
        <Arc to="6" x1="240" y1="310" x2="218" y2="300" x3="218" y3="260" x4="232" y4="260" x5="240" y5="255" />
    </Place>

    <Transition no="8" x="390" y="255" lyambda="70.0" g="1.0" r="0.6" >
        <Arc to="9" x1="390" y1="255" x2="475" y2="255" />
        <Arc to="8" x1="390" y1="255" x2="400" y2="260" x3="420" y3="260" x4="420" y4="340" x5="270" y5="340" x6="240" y6="310" />
    </Transition>

    <Transition no="7" x="300" y="185" lyambda="70.0" g="1.0" r="0.3" >
        <Arc to="8" x1="300" y1="185" x2="305" y2="190" x3="330" y3="190" x4="330" y4="350" x5="211" y5="350" x6="211" y6="310" x7="240" y7="310" />
        <Arc to="1" x1="300" y1="185" x2="330" y2="185" x3="330" y3="130" x4="250" y4="130" x5="250" y5="90" x6="300" y6="90" />
    </Transition>

    <Place no="7" x="300" y="255" numTokens="0" >
        <Arc to="8" x1="300" y1="255" x2="390" y2="255" />
        <Arc to="7" x1="300" y1="255" x2="300" y2="185" />
        <Arc to="9" x1="300" y1="255" x2="300" y2="310" />
    </Place>

    <Transition no="9" x="300" y="310" lyambda="70.0" g="1.0" r="0.1" >
        <Arc to="8" x1="300" y1="310" x2="240" y2="310" />
        <Arc to="6" x1="300" y1="310" x2="300" y2="370" x3="180" y3="370" x4="180" y4="255" />
    </Transition>

    <Place no="9" x="475" y="255" numTokens="0" >
        <Arc to="10" x1="475" y1="255" x2="540" y2="255" />
    </Place>

    <Transition no="11" x="700" y="255" lyambda="40000.0" g="0.33333" r="0.0" >
        <Arc to="11" x1="700" y1="255" x2="725" y2="255" x3="725" y3="310" x4="625" y4="310" />
        <Arc to="6" x1="700" y1="255" x2="700" y2="225" x3="180" y3="225" x4="180" y4="255" />
    </Transition>

    <Place no="10" x="625" y="255" numTokens="1" >
        <Arc to="11" x1="625" y1="255" x2="700" y2="255" />
    </Place>

    <Transition no="10" x="540" y="255" lyambda="0.0" g="0.0" r="0.0" >
        <Arc to="10" x1="540" y1="255" x2="625" y2="255" />
    </Transition>

    <Place no="11" x="625" y="310" numTokens="0" >
        <Arc to="10" x1="625" y1="310" x2="517" y2="310" x3="517" y3="265" x4="532" y4="265" x5="540" y5="255" />
    </Place>

</project>