<?xml version="1.0" encoding="UTF-8"?>
<project>
    <Place no="1" x="40" y="100" numTokens="0" >
        <Arc to="1" x1="40" y1="100" x2="80" y2="100" />
    </Place>

    <Place no="2" x="120" y="100" numTokens="0" >
        <Arc to="2" x1="120" y1="100" x2="160" y2="100" />
        <Arc to="3" x1="120" y1="100" x2="120" y2="150" />
    </Place>

    <Place no="3" x="120" y="210" numTokens="1" >
        <Arc to="1" x1="120" y1="210" x2="80" y2="210" x3="80" y3="100" />
    </Place>

    <Place no="4" x="200" y="100" numTokens="0" >
        <Arc to="4" x1="200" y1="100" x2="240" y2="100" />
    </Place>

    <Place no="5" x="280" y="100" numTokens="3" >
        <Arc to="5" x1="280" y1="100" x2="280" y2="40" />
        <Arc to="6" x1="280" y1="100" x2="320" y2="100" />
    </Place>

    <Place no="6" x="280" y="210" numTokens="1" >
        <Arc to="4" x1="280" y1="210" x2="240" y2="210" x3="240" y3="100" />
    </Place>

    <Place no="7" x="360" y="100" numTokens="0" >
        <Arc to="7" x1="360" y1="100" x2="400" y2="100" />
    </Place>

    <Place no="8" x="440" y="100" numTokens="0" >
        <Arc to="8" x1="440" y1="100" x2="440" y2="40" />
    </Place>

    <Place no="9" x="440" y="210" numTokens="1" >
        <Arc to="7" x1="440" y1="210" x2="400" y2="210" x3="400" y3="100" />
    </Place>

    <Transition no="1" x="80" y="100" lyambda="0.0" g="6.63" r="0.0" >
        <Arc to="2" x1="80" y1="100" x2="120" y2="100" />
    </Transition>

    <Transition no="2" x="160" y="100" lyambda="60.0" g="1.0" r="0.6" >
        <Arc to="3" x1="160" y1="100" x2="160" y2="210" x3="120" y3="210" />
        <Arc to="4" x1="160" y1="100" x2="200" y2="100" />
    </Transition>

    <Transition no="3" x="120" y="150" lyambda="60.0" g="1.0" r="0.4" >
        <Arc to="3" x1="120" y1="150" x2="120" y2="210" />
        <Arc to="1" x1="120" y1="150" x2="40" y2="150" x3="40" y3="100" />
    </Transition>

    <Transition no="4" x="240" y="100" lyambda="0.0" g="6.63" r="0.0" >
        <Arc to="5" x1="240" y1="100" x2="280" y2="100" />
    </Transition>

    <Transition no="5" x="280" y="40" lyambda="5000.0" g="0.3333333333333333" r="0.1" >
        <Arc to="1" x1="280" y1="40" x2="40" y2="40" x3="40" y3="100" />
        <Arc to="6" x1="280" y1="40" x2="300" y2="40" x3="300" y3="210" x4="280" y4="210" />
    </Transition>

    <Transition no="6" x="320" y="100" lyambda="5000.0" g="0.3333333333333333" r="0.9" >
        <Arc to="7" x1="320" y1="100" x2="360" y2="100" />
    </Transition>

    <Transition no="7" x="400" y="100" lyambda="0.0" g="6.63" r="0.0" >
        <Arc to="8" x1="400" y1="100" x2="440" y2="100" />
    </Transition>

    <Transition no="8" x="440" y="40" lyambda="80000.0" g="8.0" r="1.0" >
        <Arc to="5" x1="440" y1="40" x2="280" y2="100" />
        <Arc to="9" x1="440" y1="40" x2="480" y2="40" x3="480" y3="210" x4="440" y4="210" />
    </Transition>

</project>