<?xml version="1.0" encoding="UTF-8" standalone="no"?>
<!DOCTYPE properties SYSTEM "http://java.sun.com/dtd/properties.dtd">
<properties>
<comment/>
<entry key="rangeBounds">20</entry>
<entry key="backgroundColor">0xBBBBBB</entry>
<entry key="optDialogWidth">210</entry>
<entry key="optDialogHeight">120</entry>
<entry key="lookAndFeel">Metal</entry>
<entry key="defaultHeader">Date;max;close;min</entry>
<entry key="delimeter">;</entry>
<entry key="diameter">15</entry>
<entry key="horizontalIndent">20</entry>
<entry key="diagramType">StockDiagram</entry>
<entry key="mainFrameHeight">600</entry>
<entry key="defaultString">Default;1.5;1;0</entry>
<entry key="mainFrameWidth">900</entry>
<entry key="verticalIndent">20</entry>
<entry key="gridValue">1d</entry>
<entry key="gridColor">-6711040</entry>
<entry key="defaultFilename">temp.csv</entry>
<entry key="elementColor">-16777216</entry>
</properties>
