<?xml version="1.0" encoding="UTF-8" standalone="yes"?>
<?mso-application progid="Word.Document"?>
<w:wordDocument xmlns:w="http://schemas.microsoft.com/office/word/2003/wordml" xmlns:v="urn:schemas-microsoft-com:vml" xmlns:w10="urn:schemas-microsoft-com:office:word" xmlns:sl="http://schemas.microsoft.com/schemaLibrary/2003/core" xmlns:aml="http://schemas.microsoft.com/aml/2001/core" xmlns:wx="http://schemas.microsoft.com/office/word/2003/auxHint" xmlns:o="urn:schemas-microsoft-com:office:office" xmlns:dt="uuid:C2F41010-65B3-11d1-A29F-00AA00C14882" w:macrosPresent="no" w:embeddedObjPresent="no" w:ocxPresent="no" xml:space="preserve"><o:DocumentProperties><o:Author>Бузовский О.В.</o:Author><o:LastAuthor>cpu</o:LastAuthor><o:Revision>1</o:Revision><o:TotalTime>0</o:TotalTime><o:Created>2010-09-14T10:56:00Z</o:Created><o:LastSaved>2010-09-14T10:56:00Z</o:LastSaved><o:Pages>1</o:Pages><o:Words>0</o:Words><o:Characters>1</o:Characters><o:Company> </o:Company><o:Bytes>10240</o:Bytes><o:Lines>1</o:Lines><o:Paragraphs>1</o:Paragraphs><o:CharactersWithSpaces>1</o:CharactersWithSpaces><o:Version>11.6568</o:Version></o:DocumentProperties><w:fonts><w:defaultFonts w:ascii="CG Times" w:fareast="Times New Roman" w:h-ansi="CG Times" w:cs="Times New Roman"/><w:font w:name="Baltica"><w:altName w:val="Times New Roman"/><w:charset w:val="00"/><w:family w:val="Auto"/><w:pitch w:val="variable"/><w:sig w:usb-0="00000003" w:usb-1="00000000" w:usb-2="00000000" w:usb-3="00000000" w:csb-0="00000001" w:csb-1="00000000"/></w:font><w:font w:name="CG Times"><w:altName w:val="Times New Roman"/><w:panose-1 w:val="00000000000000000000"/><w:charset w:val="00"/><w:family w:val="Roman"/><w:notTrueType/><w:pitch w:val="variable"/><w:sig w:usb-0="00000003" w:usb-1="00000000" w:usb-2="00000000" w:usb-3="00000000" w:csb-0="00000001" w:csb-1="00000000"/></w:font></w:fonts><w:styles><w:versionOfBuiltInStylenames w:val="4"/><w:latentStyles w:defLockedState="off" w:latentStyleCount="156"/><w:style w:type="paragraph" w:default="on" w:styleId="a"><w:name w:val="Normal"/><wx:uiName wx:val="Обычный"/><w:pPr><w:overflowPunct w:val="off"/><w:autoSpaceDE w:val="off"/><w:autoSpaceDN w:val="off"/><w:adjustRightInd w:val="off"/><w:textAlignment w:val="baseline"/></w:pPr><w:rPr><wx:font wx:val="CG Times"/><w:lang w:val="RU" w:fareast="RU" w:bidi="AR-SA"/></w:rPr></w:style><w:style w:type="character" w:default="on" w:styleId="a0"><w:name w:val="Default Paragraph Font"/><wx:uiName wx:val="Основной шрифт абзаца"/><w:semiHidden/></w:style><w:style w:type="table" w:default="on" w:styleId="a1"><w:name w:val="Normal Table"/><wx:uiName wx:val="Обычная таблица"/><w:semiHidden/><w:rPr><wx:font wx:val="CG Times"/></w:rPr><w:tblPr><w:tblInd w:w="0" w:type="dxa"/><w:tblCellMar><w:top w:w="0" w:type="dxa"/><w:left w:w="108" w:type="dxa"/><w:bottom w:w="0" w:type="dxa"/><w:right w:w="108" w:type="dxa"/></w:tblCellMar></w:tblPr></w:style><w:style w:type="list" w:default="on" w:styleId="a2"><w:name w:val="No List"/><wx:uiName wx:val="Нет списка"/><w:semiHidden/></w:style></w:styles><w:shapeDefaults><o:shapedefaults v:ext="edit" spidmax="2050"/><o:shapelayout v:ext="edit"><o:idmap v:ext="edit" data="1"/></o:shapelayout></w:shapeDefaults><w:docPr><w:view w:val="print"/><w:zoom w:percent="100"/><w:doNotEmbedSystemFonts/><w:proofState w:spelling="clean" w:grammar="clean"/><w:attachedTemplate w:val=""/><w:defaultTabStop w:val="708"/><w:hyphenationZone w:val="425"/><w:drawingGridHorizontalSpacing w:val="120"/><w:drawingGridVerticalSpacing w:val="120"/><w:displayVerticalDrawingGridEvery w:val="0"/><w:useMarginsForDrawingGridOrigin/><w:punctuationKerning/><w:characterSpacingControl w:val="DontCompress"/><w:optimizeForBrowser/><w:validateAgainstSchema/><w:saveInvalidXML w:val="off"/><w:ignoreMixedContent w:val="off"/><w:alwaysShowPlaceholderText w:val="off"/><w:compat><w:spaceForUL/><w:balanceSingleByteDoubleByteWidth/><w:doNotLeaveBackslashAlone/><w:ulTrailSpace/><w:doNotExpandShiftReturn/><w:usePrinterMetrics/><w:ww6BorderRules/><w:footnoteLayoutLikeWW8/><w:shapeLayoutLikeWW8/><w:alignTablesRowByRow/><w:forgetLastTabAlignment/><w:autoSpaceLikeWord95/><w:doNotUseHTMLParagraphAutoSpacing/><w:layoutRawTableWidth/><w:layoutTableRowsApart/><w:useWord97LineBreakingRules/><w:dontAllowFieldEndSelect/><w:useWord2002TableStyleRules/></w:compat></w:docPr><w:body><wx:sect><w:p><w:r><w:rPr><w:noProof/></w:rPr><w:pict><v:group id="_x0000_s1026" style="position:absolute;margin-left:268.8pt;margin-top:121.15pt;width:92pt;height:102.4pt;z-index:1;mso-position-horizontal-relative:page;mso-position-vertical-relative:page" coordsize="19999,19999" o:allowincell="f"><v:oval id="_x0000_s1027" style="position:absolute;left:326;top:20;width:8315;height:14960" filled="f"/><v:roundrect id="_x0000_s1028" style="position:absolute;left:13760;top:11035;width:4239;height:2138" arcsize="10923f" coordsize="21600,21600" fillcolor="#bfbfbf" stroked="f"><v:textbox inset="1pt,1pt,1pt,1pt"><w:txbxContent><w:proofErr w:type="spellStart"/><w:p><w:pPr><w:jc w:val="center"/><w:rPr><w:sz w:val="18"/></w:rPr></w:pPr><w:r><w:rPr><w:rFonts w:ascii="Baltica" w:h-ansi="Baltica"/><wx:font wx:val="Baltica"/><w:b/><w:sz w:val="18"/></w:rPr><w:t>abc</w:t></w:r><w:proofErr w:type="spellEnd"/></w:p></w:txbxContent></v:textbox></v:roundrect><v:roundrect id="_x0000_s1029" style="position:absolute;left:12336;top:7998;width:4359;height:2471" arcsize="10923f" coordsize="21600,21600" fillcolor="#bfbfbf" stroked="f"><v:textbox inset="1pt,1pt,1pt,1pt"><w:txbxContent><w:proofErr w:type="spellStart"/><w:p><w:pPr><w:jc w:val="center"/></w:pPr><w:r><w:rPr><w:rFonts w:ascii="Baltica" w:h-ansi="Baltica"/><wx:font wx:val="Baltica"/><w:b/><w:sz w:val="18"/></w:rPr><w:t>ceg</w:t></w:r><w:proofErr w:type="spellEnd"/></w:p></w:txbxContent></v:textbox></v:roundrect><v:roundrect id="_x0000_s1030" style="position:absolute;left:4739;top:10976;width:2174;height:2334" arcsize="10923f" coordsize="21600,21600" fillcolor="#bfbfbf" stroked="f"><v:textbox inset="1pt,1pt,1pt,1pt"><w:txbxContent><w:proofErr w:type="spellStart"/><w:p><w:pPr><w:jc w:val="center"/></w:pPr><w:r><w:rPr><w:rFonts w:ascii="Baltica" w:h-ansi="Baltica"/><wx:font wx:val="Baltica"/><w:b/><w:sz w:val="18"/></w:rPr><w:t>t</w:t></w:r><w:proofErr w:type="spellEnd"/></w:p></w:txbxContent></v:textbox></v:roundrect><v:roundrect id="_x0000_s1031" style="position:absolute;left:12901;top:1631;width:4359;height:2061" arcsize="10923f" coordsize="21600,21600" fillcolor="#bfbfbf" stroked="f"><v:textbox inset="1pt,1pt,1pt,1pt"><w:txbxContent><w:proofErr w:type="spellStart"/><w:p><w:pPr><w:jc w:val="center"/><w:rPr><w:sz w:val="18"/></w:rPr></w:pPr><w:r><w:rPr><w:rFonts w:ascii="Baltica" w:h-ansi="Baltica"/><wx:font wx:val="Baltica"/><w:b/><w:sz w:val="18"/></w:rPr><w:t>bdf</w:t></w:r><w:proofErr w:type="spellEnd"/></w:p></w:txbxContent></v:textbox></v:roundrect><v:line id="_x0000_s1032" style="position:absolute;flip:y" from="4478,2491" to="13206,2813"><v:stroke startarrowwidth="narrow" startarrowlength="short" endarrowwidth="narrow" endarrowlength="short"/></v:line><v:roundrect id="_x0000_s1033" style="position:absolute;left:1924;top:8672;width:2391;height:2500" arcsize="10923f" coordsize="21600,21600" fillcolor="#bfbfbf" stroked="f"><v:textbox inset="1pt,1pt,1pt,1pt"><w:txbxContent><w:proofErr w:type="spellStart"/><w:p><w:pPr><w:jc w:val="center"/><w:rPr><w:rFonts w:ascii="Baltica" w:h-ansi="Baltica"/><wx:font wx:val="Baltica"/><w:sz w:val="24"/></w:rPr></w:pPr><w:r><w:rPr><w:rFonts w:ascii="Baltica" w:h-ansi="Baltica"/><wx:font wx:val="Baltica"/><w:b/><w:sz w:val="18"/></w:rPr><w:t>s</w:t></w:r><w:proofErr w:type="spellEnd"/></w:p></w:txbxContent></v:textbox></v:roundrect><v:line id="_x0000_s1034" style="position:absolute;flip:y" from="3554,6074" to="15825,9609"><v:stroke startarrowwidth="narrow" startarrowlength="short" endarrowwidth="narrow" endarrowlength="short"/></v:line><v:line id="_x0000_s1035" style="position:absolute" from="6478,11992" to="14456,12597"><v:stroke startarrowwidth="narrow" startarrowlength="short" endarrowwidth="narrow" endarrowlength="short"/></v:line><v:oval id="_x0000_s1036" style="position:absolute;left:10825;width:9174;height:14960" filled="f"/><v:line id="_x0000_s1037" style="position:absolute" from="6434,6260" to="13032,9043"><v:stroke startarrowwidth="narrow" startarrowlength="short" endarrowwidth="narrow" endarrowlength="short"/></v:line><v:roundrect id="_x0000_s1038" style="position:absolute;top:15732;width:19814;height:4267" arcsize="10923f" coordsize="21600,21600" filled="f" stroked="f"><v:textbox inset="1pt,1pt,1pt,1pt"><w:txbxContent><w:p><w:pPr><w:jc w:val="center"/><w:rPr><w:rFonts w:ascii="Times New Roman" w:h-ansi="Times New Roman"/><wx:font wx:val="Times New Roman"/><w:sz w:val="16"/></w:rPr></w:pPr><w:r><w:rPr><w:rFonts w:ascii="Times New Roman" w:h-ansi="Times New Roman"/><wx:font wx:val="Times New Roman"/><w:b/><w:sz w:val="16"/></w:rPr><w:t>Рис.1.1. Кодирующее отображение</w:t></w:r></w:p></w:txbxContent></v:textbox></v:roundrect><v:roundrect id="_x0000_s1039" style="position:absolute;left:3022;top:1797;width:2173;height:2343" arcsize="10923f" coordsize="21600,21600" fillcolor="#bfbfbf" stroked="f"><v:textbox inset="1pt,1pt,1pt,1pt"><w:txbxContent><w:proofErr w:type="spellStart"/><w:p><w:pPr><w:jc w:val="center"/><w:rPr><w:sz w:val="18"/></w:rPr></w:pPr><w:r><w:rPr><w:rFonts w:ascii="Baltica" w:h-ansi="Baltica"/><wx:font wx:val="Baltica"/><w:b/><w:sz w:val="18"/></w:rPr><w:t>p</w:t></w:r><w:proofErr w:type="spellEnd"/></w:p></w:txbxContent></v:textbox></v:roundrect><v:roundrect id="_x0000_s1040" style="position:absolute;left:4858;top:4941;width:2174;height:2344" arcsize="10923f" coordsize="21600,21600" fillcolor="#bfbfbf" stroked="f"><v:textbox inset="1pt,1pt,1pt,1pt"><w:txbxContent><w:proofErr w:type="spellStart"/><w:p><w:pPr><w:jc w:val="center"/><w:rPr><w:rFonts w:ascii="Baltica" w:h-ansi="Baltica"/><wx:font wx:val="Baltica"/><w:b/><w:sz w:val="18"/></w:rPr></w:pPr><w:r><w:rPr><w:rFonts w:ascii="Baltica" w:h-ansi="Baltica"/><wx:font wx:val="Baltica"/><w:b/><w:sz w:val="18"/></w:rPr><w:t>r</w:t></w:r><w:proofErr w:type="spellEnd"/></w:p></w:txbxContent></v:textbox></v:roundrect><v:roundrect id="_x0000_s1041" style="position:absolute;left:14934;top:5097;width:4359;height:2188" arcsize="10923f" coordsize="21600,21600" fillcolor="#bfbfbf" stroked="f"><v:textbox inset="1pt,1pt,1pt,1pt"><w:txbxContent><w:proofErr w:type="spellStart"/><w:p><w:pPr><w:jc w:val="center"/><w:rPr><w:sz w:val="18"/></w:rPr></w:pPr><w:r><w:rPr><w:rFonts w:ascii="Baltica" w:h-ansi="Baltica"/><wx:font wx:val="Baltica"/><w:b/><w:sz w:val="18"/></w:rPr><w:t>fgh</w:t></w:r><w:proofErr w:type="spellEnd"/></w:p></w:txbxContent></v:textbox></v:roundrect><w10:wrap anchorx="page" anchory="page"/></v:group></w:pict></w:r></w:p><w:sectPr><w:pgSz w:w="12240" w:h="15840"/><w:pgMar w:top="2410" w:right="5010" w:bottom="11341" w:left="5387" w:header="720" w:footer="720" w:gutter="0"/><w:cols w:space="720"/></w:sectPr></wx:sect></w:body></w:wordDocument>