<?xml version="1.0" encoding="UTF-8" standalone="yes"?>
<petriNet xmlns="http://ptr.ulstu.ru/petriNetSch" xmlns:xsi="http://www.w3.org/2001/XMLSchema-instance" xsi:schemaLocation="http://ptr.ulstu.ru/petriNetSch petriNet.xsd">
    <vertexLst>
        <vertex>
            <vertexId>1</vertexId>
            <type>1</type>
            <marker>0</marker>
            <edgeJoinOut>
                <vertexId>6</vertexId>
                <count>1</count>
            </edgeJoinOut>
            <labelName>p1</labelName>
            <edgeIdLst>1</edgeIdLst>
            <place>
                <x>1833.0</x>
                <y>3800.0</y>
            </place>
            <labelPlace>
                <x>1855.0</x>
                <y>3761.0</y>
            </labelPlace>
        </vertex>
        <vertex>
            <vertexId>2</vertexId>
            <type>1</type>
            <marker>0</marker>
            <edgeJoinOut>
                <vertexId>6</vertexId>
                <count>1</count>
            </edgeJoinOut>
            <edgeJoinOut>
                <vertexId>7</vertexId>
                <count>1</count>
            </edgeJoinOut>
            <labelName>p2</labelName>
            <edgeIdLst>2</edgeIdLst>
            <edgeIdLst>3</edgeIdLst>
            <place>
                <x>1835.0</x>
                <y>3926.0</y>
            </place>
            <labelPlace>
                <x>1857.0</x>
                <y>3887.0</y>
            </labelPlace>
        </vertex>
        <vertex>
            <vertexId>3</vertexId>
            <type>1</type>
            <marker>0</marker>
            <edgeJoinOut>
                <vertexId>7</vertexId>
                <count>1</count>
            </edgeJoinOut>
            <labelName>p3</labelName>
            <edgeIdLst>4</edgeIdLst>
            <place>
                <x>1843.0</x>
                <y>4072.0</y>
            </place>
            <labelPlace>
                <x>1865.0</x>
                <y>4033.0</y>
            </labelPlace>
        </vertex>
        <vertex>
            <vertexId>4</vertexId>
            <type>1</type>
            <marker>0</marker>
            <labelName>p4</labelName>
            <edgeIdLst>5</edgeIdLst>
            <place>
                <x>2134.0</x>
                <y>3865.0</y>
            </place>
            <labelPlace>
                <x>2156.0</x>
                <y>3826.0</y>
            </labelPlace>
        </vertex>
        <vertex>
            <vertexId>5</vertexId>
            <type>1</type>
            <marker>0</marker>
            <labelName>p5</labelName>
            <edgeIdLst>6</edgeIdLst>
            <place>
                <x>2138.0</x>
                <y>3994.0</y>
            </place>
            <labelPlace>
                <x>2160.0</x>
                <y>3955.0</y>
            </labelPlace>
        </vertex>
        <vertex>
            <vertexId>6</vertexId>
            <type>2</type>
            <marker>0</marker>
            <edgeJoinOut>
                <vertexId>4</vertexId>
                <count>1</count>
            </edgeJoinOut>
            <labelName>t1</labelName>
            <edgeIdLst>1</edgeIdLst>
            <edgeIdLst>2</edgeIdLst>
            <edgeIdLst>5</edgeIdLst>
            <place>
                <x>2007.0</x>
                <y>3852.0</y>
            </place>
            <labelPlace>
                <x>2002.0</x>
                <y>3810.0</y>
            </labelPlace>
        </vertex>
        <vertex>
            <vertexId>7</vertexId>
            <type>2</type>
            <marker>0</marker>
            <edgeJoinOut>
                <vertexId>5</vertexId>
                <count>1</count>
            </edgeJoinOut>
            <labelName>t2</labelName>
            <edgeIdLst>3</edgeIdLst>
            <edgeIdLst>4</edgeIdLst>
            <edgeIdLst>6</edgeIdLst>
            <place>
                <x>2015.0</x>
                <y>3993.0</y>
            </place>
            <labelPlace>
                <x>2010.0</x>
                <y>3951.0</y>
            </labelPlace>
        </vertex>
    </vertexLst>
    <edgeLst>
        <edge>
            <edgeId>1</edgeId>
            <inVertexId>1</inVertexId>
            <outVertexId>6</outVertexId>
            <typeEdge>1</typeEdge>
            <pointLst>
                <x>1907.0</x>
                <y>3839.0</y>
            </pointLst>
            <pointLst>
                <x>2008.0</x>
                <y>3880.0</y>
            </pointLst>
        </edge>
        <edge>
            <edgeId>2</edgeId>
            <inVertexId>2</inVertexId>
            <outVertexId>6</outVertexId>
            <typeEdge>1</typeEdge>
            <pointLst>
                <x>1909.0</x>
                <y>3960.0</y>
            </pointLst>
            <pointLst>
                <x>2008.0</x>
                <y>3899.0</y>
            </pointLst>
        </edge>
        <edge>
            <edgeId>3</edgeId>
            <inVertexId>2</inVertexId>
            <outVertexId>7</outVertexId>
            <typeEdge>1</typeEdge>
            <pointLst>
                <x>1905.0</x>
                <y>3979.0</y>
            </pointLst>
            <pointLst>
                <x>2016.0</x>
                <y>4025.0</y>
            </pointLst>
        </edge>
        <edge>
            <edgeId>4</edgeId>
            <inVertexId>3</inVertexId>
            <outVertexId>7</outVertexId>
            <typeEdge>1</typeEdge>
            <pointLst>
                <x>1913.0</x>
                <y>4092.0</y>
            </pointLst>
            <pointLst>
                <x>2016.0</x>
                <y>4040.0</y>
            </pointLst>
        </edge>
        <edge>
            <edgeId>5</edgeId>
            <inVertexId>6</inVertexId>
            <outVertexId>4</outVertexId>
            <typeEdge>1</typeEdge>
            <pointLst>
                <x>2018.0</x>
                <y>3894.0</y>
            </pointLst>
            <pointLst>
                <x>2134.0</x>
                <y>3893.0</y>
            </pointLst>
        </edge>
        <edge>
            <edgeId>6</edgeId>
            <inVertexId>7</inVertexId>
            <outVertexId>5</outVertexId>
            <typeEdge>1</typeEdge>
            <pointLst>
                <x>2026.0</x>
                <y>4040.0</y>
            </pointLst>
            <pointLst>
                <x>2138.0</x>
                <y>4040.0</y>
            </pointLst>
        </edge>
    </edgeLst>
    <nextVertexId>8</nextVertexId>
    <nextEdgeId>7</nextEdgeId>
    <nextPositionIndex>6</nextPositionIndex>
    <nextTransitionId>3</nextTransitionId>
    <dim>
        <scale>1.5</scale>
        <positionRadius>37.5</positionRadius>
        <markerRadius>7.5</markerRadius>
        <transitionHeight>75.0</transitionHeight>
        <transitionWidth>12.0</transitionWidth>
    </dim>
</petriNet>
