<?xml version="1.0" encoding="UTF-8" standalone="yes"?>
<petriNet xmlns="http://ptr.ulstu.ru/petriNetSch" xmlns:xsi="http://www.w3.org/2001/XMLSchema-instance" xsi:schemaLocation="http://ptr.ulstu.ru/petriNetSch petriNet.xsd">
    <vertexLst>
        <vertex>
            <vertexId>1</vertexId>
            <type>2</type>
            <marker>0</marker>
            <edgeJoinOut>
                <vertexId>5</vertexId>
                <count>3</count>
            </edgeJoinOut>
            <labelName>t1</labelName>
            <edgeIdLst>1</edgeIdLst>
            <edgeIdLst>2</edgeIdLst>
            <edgeIdLst>3</edgeIdLst>
            <edgeIdLst>4</edgeIdLst>
            <edgeIdLst>5</edgeIdLst>
            <edgeIdLst>6</edgeIdLst>
            <edgeIdLst>7</edgeIdLst>
            <edgeIdLst>8</edgeIdLst>
            <place>
                <x>2165.0</x>
                <y>3941.0</y>
            </place>
            <labelPlace>
                <x>2160.0</x>
                <y>3899.0</y>
            </labelPlace>
        </vertex>
        <vertex>
            <vertexId>2</vertexId>
            <type>1</type>
            <marker>2</marker>
            <edgeJoinOut>
                <vertexId>1</vertexId>
                <count>1</count>
            </edgeJoinOut>
            <labelName>p1</labelName>
            <edgeIdLst>1</edgeIdLst>
            <place>
                <x>1783.0</x>
                <y>3776.0</y>
            </place>
            <labelPlace>
                <x>1805.0</x>
                <y>3737.0</y>
            </labelPlace>
        </vertex>
        <vertex>
            <vertexId>3</vertexId>
            <type>1</type>
            <marker>2</marker>
            <edgeJoinOut>
                <vertexId>1</vertexId>
                <count>2</count>
            </edgeJoinOut>
            <labelName>p2</labelName>
            <edgeIdLst>2</edgeIdLst>
            <edgeIdLst>3</edgeIdLst>
            <place>
                <x>1921.0</x>
                <y>3931.0</y>
            </place>
            <labelPlace>
                <x>1943.0</x>
                <y>3892.0</y>
            </labelPlace>
        </vertex>
        <vertex>
            <vertexId>4</vertexId>
            <type>1</type>
            <marker>3</marker>
            <edgeJoinOut>
                <vertexId>1</vertexId>
                <count>2</count>
            </edgeJoinOut>
            <labelName>p3</labelName>
            <edgeIdLst>4</edgeIdLst>
            <edgeIdLst>5</edgeIdLst>
            <place>
                <x>1963.0</x>
                <y>4098.0</y>
            </place>
            <labelPlace>
                <x>1985.0</x>
                <y>4059.0</y>
            </labelPlace>
        </vertex>
        <vertex>
            <vertexId>5</vertexId>
            <type>1</type>
            <marker>1</marker>
            <labelName>p4</labelName>
            <edgeIdLst>6</edgeIdLst>
            <edgeIdLst>7</edgeIdLst>
            <edgeIdLst>8</edgeIdLst>
            <place>
                <x>2279.0</x>
                <y>3940.0</y>
            </place>
            <labelPlace>
                <x>2301.0</x>
                <y>3901.0</y>
            </labelPlace>
        </vertex>
    </vertexLst>
    <edgeLst>
        <edge>
            <edgeId>1</edgeId>
            <inVertexId>2</inVertexId>
            <outVertexId>1</outVertexId>
            <typeEdge>1</typeEdge>
            <pointLst>
                <x>1854.0</x>
                <y>3828.0</y>
            </pointLst>
            <pointLst>
                <x>2166.0</x>
                <y>3958.0</y>
            </pointLst>
        </edge>
        <edge>
            <edgeId>2</edgeId>
            <inVertexId>3</inVertexId>
            <outVertexId>1</outVertexId>
            <typeEdge>1</typeEdge>
            <pointLst>
                <x>1995.0</x>
                <y>3964.0</y>
            </pointLst>
            <pointLst>
                <x>2166.0</x>
                <y>3965.0</y>
            </pointLst>
        </edge>
        <edge>
            <edgeId>3</edgeId>
            <inVertexId>3</inVertexId>
            <outVertexId>1</outVertexId>
            <typeEdge>1</typeEdge>
            <pointLst>
                <x>1994.0</x>
                <y>3978.0</y>
            </pointLst>
            <pointLst>
                <x>2166.0</x>
                <y>3979.0</y>
            </pointLst>
        </edge>
        <edge>
            <edgeId>4</edgeId>
            <inVertexId>4</inVertexId>
            <outVertexId>1</outVertexId>
            <typeEdge>1</typeEdge>
            <pointLst>
                <x>2018.0</x>
                <y>4102.0</y>
            </pointLst>
            <pointLst>
                <x>2166.0</x>
                <y>3992.0</y>
            </pointLst>
        </edge>
        <edge>
            <edgeId>5</edgeId>
            <inVertexId>4</inVertexId>
            <outVertexId>1</outVertexId>
            <typeEdge>1</typeEdge>
            <pointLst>
                <x>2035.0</x>
                <y>4123.0</y>
            </pointLst>
            <pointLst>
                <x>2166.0</x>
                <y>4011.0</y>
            </pointLst>
        </edge>
        <edge>
            <edgeId>6</edgeId>
            <inVertexId>1</inVertexId>
            <outVertexId>5</outVertexId>
            <typeEdge>1</typeEdge>
            <pointLst>
                <x>2176.0</x>
                <y>3989.0</y>
            </pointLst>
            <pointLst>
                <x>2279.0</x>
                <y>3984.0</y>
            </pointLst>
        </edge>
        <edge>
            <edgeId>7</edgeId>
            <inVertexId>1</inVertexId>
            <outVertexId>5</outVertexId>
            <typeEdge>1</typeEdge>
            <pointLst>
                <x>2176.0</x>
                <y>4002.0</y>
            </pointLst>
            <pointLst>
                <x>2284.0</x>
                <y>3997.0</y>
            </pointLst>
        </edge>
        <edge>
            <edgeId>8</edgeId>
            <inVertexId>1</inVertexId>
            <outVertexId>5</outVertexId>
            <typeEdge>1</typeEdge>
            <pointLst>
                <x>2176.0</x>
                <y>3970.0</y>
            </pointLst>
            <pointLst>
                <x>2279.0</x>
                <y>3970.0</y>
            </pointLst>
        </edge>
    </edgeLst>
    <nextVertexId>6</nextVertexId>
    <nextEdgeId>9</nextEdgeId>
    <nextPositionIndex>5</nextPositionIndex>
    <nextTransitionId>2</nextTransitionId>
    <dim>
        <scale>1.5</scale>
        <positionRadius>37.5</positionRadius>
        <markerRadius>7.5</markerRadius>
        <transitionHeight>75.0</transitionHeight>
        <transitionWidth>12.0</transitionWidth>
    </dim>
</petriNet>
