<?xml version="1.0" encoding="UTF-8" standalone="yes"?>
<petriNet xmlns="http://ptr.ulstu.ru/petriNetSch" xmlns:xsi="http://www.w3.org/2001/XMLSchema-instance" xsi:schemaLocation="http://ptr.ulstu.ru/petriNetSch petriNet.xsd">
    <vertexLst>
        <vertex>
            <vertexId>1</vertexId>
            <type>2</type>
            <marker>0</marker>
            <edgeJoinOut>
                <vertexId>5</vertexId>
                <count>1</count>
            </edgeJoinOut>
            <labelName>t1</labelName>
            <edgeIdLst>1</edgeIdLst>
            <edgeIdLst>12</edgeIdLst>
            <place>
                <x>1786.0</x>
                <y>3984.0</y>
            </place>
            <labelPlace>
                <x>1781.0</x>
                <y>3942.0</y>
            </labelPlace>
        </vertex>
        <vertex>
            <vertexId>2</vertexId>
            <type>2</type>
            <marker>0</marker>
            <edgeJoinOut>
                <vertexId>7</vertexId>
                <count>1</count>
            </edgeJoinOut>
            <labelName>t2</labelName>
            <edgeIdLst>2</edgeIdLst>
            <edgeIdLst>3</edgeIdLst>
            <edgeIdLst>8</edgeIdLst>
            <place>
                <x>2065.0</x>
                <y>3992.0</y>
            </place>
            <labelPlace>
                <x>2060.0</x>
                <y>3950.0</y>
            </labelPlace>
        </vertex>
        <vertex>
            <vertexId>3</vertexId>
            <type>2</type>
            <marker>0</marker>
            <edgeJoinOut>
                <vertexId>6</vertexId>
                <count>1</count>
            </edgeJoinOut>
            <edgeJoinOut>
                <vertexId>9</vertexId>
                <count>1</count>
            </edgeJoinOut>
            <edgeJoinOut>
                <vertexId>10</vertexId>
                <count>1</count>
            </edgeJoinOut>
            <labelName>t3</labelName>
            <edgeIdLst>4</edgeIdLst>
            <edgeIdLst>5</edgeIdLst>
            <edgeIdLst>7</edgeIdLst>
            <edgeIdLst>10</edgeIdLst>
            <edgeIdLst>11</edgeIdLst>
            <place>
                <x>2354.0</x>
                <y>3994.0</y>
            </place>
            <labelPlace>
                <x>2349.0</x>
                <y>3952.0</y>
            </labelPlace>
        </vertex>
        <vertex>
            <vertexId>4</vertexId>
            <type>2</type>
            <marker>0</marker>
            <edgeJoinOut>
                <vertexId>8</vertexId>
                <count>1</count>
            </edgeJoinOut>
            <labelName>t4</labelName>
            <edgeIdLst>6</edgeIdLst>
            <edgeIdLst>9</edgeIdLst>
            <place>
                <x>2586.0</x>
                <y>3991.0</y>
            </place>
            <labelPlace>
                <x>2581.0</x>
                <y>3949.0</y>
            </labelPlace>
        </vertex>
        <vertex>
            <vertexId>5</vertexId>
            <type>1</type>
            <marker>0</marker>
            <edgeJoinOut>
                <vertexId>2</vertexId>
                <count>1</count>
            </edgeJoinOut>
            <labelName>p1</labelName>
            <edgeIdLst>1</edgeIdLst>
            <edgeIdLst>2</edgeIdLst>
            <place>
                <x>1892.0</x>
                <y>3994.0</y>
            </place>
            <labelPlace>
                <x>1914.0</x>
                <y>3955.0</y>
            </labelPlace>
        </vertex>
        <vertex>
            <vertexId>6</vertexId>
            <type>1</type>
            <marker>0</marker>
            <edgeJoinOut>
                <vertexId>1</vertexId>
                <count>1</count>
            </edgeJoinOut>
            <labelName>p2</labelName>
            <edgeIdLst>11</edgeIdLst>
            <edgeIdLst>12</edgeIdLst>
            <place>
                <x>2019.0</x>
                <y>3747.0</y>
            </place>
            <labelPlace>
                <x>2041.0</x>
                <y>3708.0</y>
            </labelPlace>
        </vertex>
        <vertex>
            <vertexId>7</vertexId>
            <type>1</type>
            <marker>0</marker>
            <edgeJoinOut>
                <vertexId>3</vertexId>
                <count>1</count>
            </edgeJoinOut>
            <labelName>p3</labelName>
            <edgeIdLst>3</edgeIdLst>
            <edgeIdLst>4</edgeIdLst>
            <place>
                <x>2182.0</x>
                <y>3987.0</y>
            </place>
            <labelPlace>
                <x>2204.0</x>
                <y>3948.0</y>
            </labelPlace>
        </vertex>
        <vertex>
            <vertexId>8</vertexId>
            <type>1</type>
            <marker>1</marker>
            <edgeJoinOut>
                <vertexId>3</vertexId>
                <count>1</count>
            </edgeJoinOut>
            <labelName>p4</labelName>
            <edgeIdLst>9</edgeIdLst>
            <edgeIdLst>10</edgeIdLst>
            <place>
                <x>2347.0</x>
                <y>4145.0</y>
            </place>
            <labelPlace>
                <x>2369.0</x>
                <y>4106.0</y>
            </labelPlace>
        </vertex>
        <vertex>
            <vertexId>9</vertexId>
            <type>1</type>
            <marker>0</marker>
            <edgeJoinOut>
                <vertexId>4</vertexId>
                <count>1</count>
            </edgeJoinOut>
            <labelName>p5</labelName>
            <edgeIdLst>5</edgeIdLst>
            <edgeIdLst>6</edgeIdLst>
            <place>
                <x>2437.0</x>
                <y>3983.0</y>
            </place>
            <labelPlace>
                <x>2459.0</x>
                <y>3944.0</y>
            </labelPlace>
        </vertex>
        <vertex>
            <vertexId>10</vertexId>
            <type>1</type>
            <marker>0</marker>
            <edgeJoinOut>
                <vertexId>2</vertexId>
                <count>1</count>
            </edgeJoinOut>
            <labelName>p6</labelName>
            <edgeIdLst>7</edgeIdLst>
            <edgeIdLst>8</edgeIdLst>
            <place>
                <x>2170.0</x>
                <y>3867.0</y>
            </place>
            <labelPlace>
                <x>2192.0</x>
                <y>3828.0</y>
            </labelPlace>
        </vertex>
    </vertexLst>
    <edgeLst>
        <edge>
            <edgeId>1</edgeId>
            <inVertexId>1</inVertexId>
            <outVertexId>5</outVertexId>
            <typeEdge>1</typeEdge>
            <pointLst>
                <x>1797.0</x>
                <y>4022.0</y>
            </pointLst>
            <pointLst>
                <x>1892.0</x>
                <y>4021.0</y>
            </pointLst>
        </edge>
        <edge>
            <edgeId>2</edgeId>
            <inVertexId>5</inVertexId>
            <outVertexId>2</outVertexId>
            <typeEdge>1</typeEdge>
            <pointLst>
                <x>1966.0</x>
                <y>4032.0</y>
            </pointLst>
            <pointLst>
                <x>2066.0</x>
                <y>4032.0</y>
            </pointLst>
        </edge>
        <edge>
            <edgeId>3</edgeId>
            <inVertexId>2</inVertexId>
            <outVertexId>7</outVertexId>
            <typeEdge>1</typeEdge>
            <pointLst>
                <x>2076.0</x>
                <y>4043.0</y>
            </pointLst>
            <pointLst>
                <x>2186.0</x>
                <y>4042.0</y>
            </pointLst>
        </edge>
        <edge>
            <edgeId>4</edgeId>
            <inVertexId>7</inVertexId>
            <outVertexId>3</outVertexId>
            <typeEdge>1</typeEdge>
            <pointLst>
                <x>2256.0</x>
                <y>4024.0</y>
            </pointLst>
            <pointLst>
                <x>2355.0</x>
                <y>4025.0</y>
            </pointLst>
        </edge>
        <edge>
            <edgeId>5</edgeId>
            <inVertexId>3</inVertexId>
            <outVertexId>9</outVertexId>
            <typeEdge>1</typeEdge>
            <pointLst>
                <x>2365.0</x>
                <y>4028.0</y>
            </pointLst>
            <pointLst>
                <x>2437.0</x>
                <y>4029.0</y>
            </pointLst>
        </edge>
        <edge>
            <edgeId>6</edgeId>
            <inVertexId>9</inVertexId>
            <outVertexId>4</outVertexId>
            <typeEdge>1</typeEdge>
            <pointLst>
                <x>2510.0</x>
                <y>4026.0</y>
            </pointLst>
            <pointLst>
                <x>2587.0</x>
                <y>4026.0</y>
            </pointLst>
        </edge>
        <edge>
            <edgeId>7</edgeId>
            <inVertexId>3</inVertexId>
            <outVertexId>10</outVertexId>
            <typeEdge>1</typeEdge>
            <pointLst>
                <x>2365.0</x>
                <y>4004.0</y>
            </pointLst>
            <pointLst>
                <x>2392.0</x>
                <y>4004.0</y>
            </pointLst>
            <pointLst>
                <x>2392.0</x>
                <y>3904.0</y>
            </pointLst>
            <pointLst>
                <x>2244.0</x>
                <y>3904.0</y>
            </pointLst>
        </edge>
        <edge>
            <edgeId>8</edgeId>
            <inVertexId>10</inVertexId>
            <outVertexId>2</outVertexId>
            <typeEdge>1</typeEdge>
            <pointLst>
                <x>2171.0</x>
                <y>3914.0</y>
            </pointLst>
            <pointLst>
                <x>2005.0</x>
                <y>3914.0</y>
            </pointLst>
            <pointLst>
                <x>2005.0</x>
                <y>4008.0</y>
            </pointLst>
            <pointLst>
                <x>2066.0</x>
                <y>4008.0</y>
            </pointLst>
        </edge>
        <edge>
            <edgeId>9</edgeId>
            <inVertexId>4</inVertexId>
            <outVertexId>8</outVertexId>
            <typeEdge>1</typeEdge>
            <pointLst>
                <x>2597.0</x>
                <y>4043.0</y>
            </pointLst>
            <pointLst>
                <x>2641.0</x>
                <y>4043.0</y>
            </pointLst>
            <pointLst>
                <x>2641.0</x>
                <y>4177.0</y>
            </pointLst>
            <pointLst>
                <x>2421.0</x>
                <y>4177.0</y>
            </pointLst>
        </edge>
        <edge>
            <edgeId>10</edgeId>
            <inVertexId>8</inVertexId>
            <outVertexId>3</outVertexId>
            <typeEdge>1</typeEdge>
            <pointLst>
                <x>2347.0</x>
                <y>4188.0</y>
            </pointLst>
            <pointLst>
                <x>2294.0</x>
                <y>4188.0</y>
            </pointLst>
            <pointLst>
                <x>2294.0</x>
                <y>4054.0</y>
            </pointLst>
            <pointLst>
                <x>2355.0</x>
                <y>4054.0</y>
            </pointLst>
        </edge>
        <edge>
            <edgeId>11</edgeId>
            <inVertexId>3</inVertexId>
            <outVertexId>6</outVertexId>
            <typeEdge>1</typeEdge>
            <pointLst>
                <x>2365.0</x>
                <y>4015.0</y>
            </pointLst>
            <pointLst>
                <x>2421.0</x>
                <y>4015.0</y>
            </pointLst>
            <pointLst>
                <x>2421.0</x>
                <y>3784.0</y>
            </pointLst>
            <pointLst>
                <x>2093.0</x>
                <y>3784.0</y>
            </pointLst>
        </edge>
        <edge>
            <edgeId>12</edgeId>
            <inVertexId>6</inVertexId>
            <outVertexId>1</outVertexId>
            <typeEdge>1</typeEdge>
            <pointLst>
                <x>2019.0</x>
                <y>3791.0</y>
            </pointLst>
            <pointLst>
                <x>1726.0</x>
                <y>3791.0</y>
            </pointLst>
            <pointLst>
                <x>1726.0</x>
                <y>4012.0</y>
            </pointLst>
            <pointLst>
                <x>1787.0</x>
                <y>4012.0</y>
            </pointLst>
        </edge>
    </edgeLst>
    <nextVertexId>11</nextVertexId>
    <nextEdgeId>13</nextEdgeId>
    <nextPositionIndex>7</nextPositionIndex>
    <nextTransitionId>5</nextTransitionId>
    <dim>
        <scale>1.5</scale>
        <positionRadius>37.5</positionRadius>
        <markerRadius>7.5</markerRadius>
        <transitionHeight>75.0</transitionHeight>
        <transitionWidth>12.0</transitionWidth>
    </dim>
</petriNet>
