<?xml version="1.0" encoding="UTF-8" standalone="yes"?>
<petriNet xmlns="http://ptr.ulstu.ru/petriNetSch" xmlns:xsi="http://www.w3.org/2001/XMLSchema-instance" xsi:schemaLocation="http://ptr.ulstu.ru/petriNetSch petriNet.xsd">
    <vertexLst>
        <vertex>
            <vertexId>1</vertexId>
            <type>1</type>
            <marker>0</marker>
            <edgeJoinOut>
                <vertexId>4</vertexId>
                <count>1</count>
            </edgeJoinOut>
            <edgeJoinOut>
                <vertexId>5</vertexId>
                <count>1</count>
            </edgeJoinOut>
            <labelName>p1</labelName>
            <edgeIdLst>2</edgeIdLst>
            <edgeIdLst>3</edgeIdLst>
            <edgeIdLst>4</edgeIdLst>
            <place>
                <x>2446.0</x>
                <y>3749.0</y>
            </place>
            <labelPlace>
                <x>2468.0</x>
                <y>3710.0</y>
            </labelPlace>
        </vertex>
        <vertex>
            <vertexId>2</vertexId>
            <type>1</type>
            <marker>0</marker>
            <labelName>p2</labelName>
            <edgeIdLst>5</edgeIdLst>
            <place>
                <x>2789.0</x>
                <y>3756.0</y>
            </place>
            <labelPlace>
                <x>2811.0</x>
                <y>3717.0</y>
            </labelPlace>
        </vertex>
        <vertex>
            <vertexId>3</vertexId>
            <type>1</type>
            <marker>0</marker>
            <labelName>p3</labelName>
            <edgeIdLst>1</edgeIdLst>
            <place>
                <x>2132.0</x>
                <y>3756.0</y>
            </place>
            <labelPlace>
                <x>2154.0</x>
                <y>3717.0</y>
            </labelPlace>
        </vertex>
        <vertex>
            <vertexId>4</vertexId>
            <type>2</type>
            <marker>0</marker>
            <edgeJoinOut>
                <vertexId>1</vertexId>
                <count>1</count>
            </edgeJoinOut>
            <edgeJoinOut>
                <vertexId>3</vertexId>
                <count>1</count>
            </edgeJoinOut>
            <labelName>t1</labelName>
            <edgeIdLst>1</edgeIdLst>
            <edgeIdLst>2</edgeIdLst>
            <edgeIdLst>3</edgeIdLst>
            <place>
                <x>2298.0</x>
                <y>3752.0</y>
            </place>
            <labelPlace>
                <x>2293.0</x>
                <y>3710.0</y>
            </labelPlace>
        </vertex>
        <vertex>
            <vertexId>5</vertexId>
            <type>2</type>
            <marker>0</marker>
            <edgeJoinOut>
                <vertexId>2</vertexId>
                <count>1</count>
            </edgeJoinOut>
            <labelName>t2</labelName>
            <edgeIdLst>4</edgeIdLst>
            <edgeIdLst>5</edgeIdLst>
            <place>
                <x>2646.0</x>
                <y>3753.0</y>
            </place>
            <labelPlace>
                <x>2641.0</x>
                <y>3711.0</y>
            </labelPlace>
        </vertex>
    </vertexLst>
    <edgeLst>
        <edge>
            <edgeId>1</edgeId>
            <inVertexId>4</inVertexId>
            <outVertexId>3</outVertexId>
            <typeEdge>1</typeEdge>
            <pointLst>
                <x>2299.0</x>
                <y>3791.0</y>
            </pointLst>
            <pointLst>
                <x>2206.0</x>
                <y>3791.0</y>
            </pointLst>
        </edge>
        <edge>
            <edgeId>2</edgeId>
            <inVertexId>1</inVertexId>
            <outVertexId>4</outVertexId>
            <typeEdge>1</typeEdge>
            <pointLst>
                <x>2451.0</x>
                <y>3765.0</y>
            </pointLst>
            <pointLst>
                <x>2309.0</x>
                <y>3764.0</y>
            </pointLst>
        </edge>
        <edge>
            <edgeId>3</edgeId>
            <inVertexId>4</inVertexId>
            <outVertexId>1</outVertexId>
            <typeEdge>1</typeEdge>
            <pointLst>
                <x>2309.0</x>
                <y>3805.0</y>
            </pointLst>
            <pointLst>
                <x>2450.0</x>
                <y>3805.0</y>
            </pointLst>
        </edge>
        <edge>
            <edgeId>4</edgeId>
            <inVertexId>1</inVertexId>
            <outVertexId>5</outVertexId>
            <typeEdge>1</typeEdge>
            <pointLst>
                <x>2520.0</x>
                <y>3790.0</y>
            </pointLst>
            <pointLst>
                <x>2647.0</x>
                <y>3790.0</y>
            </pointLst>
        </edge>
        <edge>
            <edgeId>5</edgeId>
            <inVertexId>5</inVertexId>
            <outVertexId>2</outVertexId>
            <typeEdge>1</typeEdge>
            <pointLst>
                <x>2657.0</x>
                <y>3782.0</y>
            </pointLst>
            <pointLst>
                <x>2789.0</x>
                <y>3782.0</y>
            </pointLst>
        </edge>
    </edgeLst>
    <nextVertexId>6</nextVertexId>
    <nextEdgeId>6</nextEdgeId>
    <nextPositionIndex>4</nextPositionIndex>
    <nextTransitionId>3</nextTransitionId>
    <dim>
        <scale>1.5</scale>
        <positionRadius>37.5</positionRadius>
        <markerRadius>7.5</markerRadius>
        <transitionHeight>75.0</transitionHeight>
        <transitionWidth>12.0</transitionWidth>
    </dim>
</petriNet>
