<?xml version="1.0" encoding="UTF-8" standalone="yes"?>
<petriNet xmlns="http://ptr.ulstu.ru/petriNetSch" xmlns:xsi="http://www.w3.org/2001/XMLSchema-instance" xsi:schemaLocation="http://ptr.ulstu.ru/petriNetSch petriNet.xsd">
    <vertexLst>
        <vertex>
            <vertexId>1</vertexId>
            <type>1</type>
            <marker>0</marker>
            <edgeJoinOut>
                <vertexId>6</vertexId>
                <count>1</count>
            </edgeJoinOut>
            <labelName>p1</labelName>
            <edgeIdLst>1</edgeIdLst>
            <edgeIdLst>10</edgeIdLst>
            <place>
                <x>1785.0</x>
                <y>3903.0</y>
            </place>
            <labelPlace>
                <x>1807.0</x>
                <y>3864.0</y>
            </labelPlace>
        </vertex>
        <vertex>
            <vertexId>2</vertexId>
            <type>1</type>
            <marker>0</marker>
            <edgeJoinOut>
                <vertexId>7</vertexId>
                <count>1</count>
            </edgeJoinOut>
            <labelName>p2</labelName>
            <edgeIdLst>2</edgeIdLst>
            <edgeIdLst>3</edgeIdLst>
            <place>
                <x>2018.0</x>
                <y>3907.0</y>
            </place>
            <labelPlace>
                <x>2040.0</x>
                <y>3868.0</y>
            </labelPlace>
        </vertex>
        <vertex>
            <vertexId>3</vertexId>
            <type>1</type>
            <marker>1</marker>
            <edgeJoinOut>
                <vertexId>6</vertexId>
                <count>1</count>
            </edgeJoinOut>
            <labelName>p3</labelName>
            <edgeIdLst>8</edgeIdLst>
            <edgeIdLst>9</edgeIdLst>
            <place>
                <x>2012.0</x>
                <y>3746.0</y>
            </place>
            <labelPlace>
                <x>2034.0</x>
                <y>3707.0</y>
            </labelPlace>
        </vertex>
        <vertex>
            <vertexId>4</vertexId>
            <type>1</type>
            <marker>0</marker>
            <edgeJoinOut>
                <vertexId>8</vertexId>
                <count>1</count>
            </edgeJoinOut>
            <labelName>p4</labelName>
            <edgeIdLst>4</edgeIdLst>
            <edgeIdLst>5</edgeIdLst>
            <place>
                <x>2259.0</x>
                <y>3906.0</y>
            </place>
            <labelPlace>
                <x>2281.0</x>
                <y>3867.0</y>
            </labelPlace>
        </vertex>
        <vertex>
            <vertexId>5</vertexId>
            <type>1</type>
            <marker>0</marker>
            <edgeJoinOut>
                <vertexId>9</vertexId>
                <count>1</count>
            </edgeJoinOut>
            <labelName>p5</labelName>
            <edgeIdLst>6</edgeIdLst>
            <edgeIdLst>7</edgeIdLst>
            <place>
                <x>2486.0</x>
                <y>3900.0</y>
            </place>
            <labelPlace>
                <x>2508.0</x>
                <y>3861.0</y>
            </labelPlace>
        </vertex>
        <vertex>
            <vertexId>6</vertexId>
            <type>2</type>
            <marker>0</marker>
            <edgeJoinOut>
                <vertexId>2</vertexId>
                <count>1</count>
            </edgeJoinOut>
            <labelName>t1</labelName>
            <edgeIdLst>1</edgeIdLst>
            <edgeIdLst>2</edgeIdLst>
            <edgeIdLst>9</edgeIdLst>
            <place>
                <x>1928.0</x>
                <y>3891.0</y>
            </place>
            <labelPlace>
                <x>1923.0</x>
                <y>3849.0</y>
            </labelPlace>
        </vertex>
        <vertex>
            <vertexId>7</vertexId>
            <type>2</type>
            <marker>0</marker>
            <edgeJoinOut>
                <vertexId>3</vertexId>
                <count>1</count>
            </edgeJoinOut>
            <edgeJoinOut>
                <vertexId>4</vertexId>
                <count>1</count>
            </edgeJoinOut>
            <labelName>t2</labelName>
            <edgeIdLst>3</edgeIdLst>
            <edgeIdLst>4</edgeIdLst>
            <edgeIdLst>8</edgeIdLst>
            <place>
                <x>2174.0</x>
                <y>3901.0</y>
            </place>
            <labelPlace>
                <x>2169.0</x>
                <y>3859.0</y>
            </labelPlace>
        </vertex>
        <vertex>
            <vertexId>8</vertexId>
            <type>2</type>
            <marker>0</marker>
            <edgeJoinOut>
                <vertexId>1</vertexId>
                <count>1</count>
            </edgeJoinOut>
            <edgeJoinOut>
                <vertexId>5</vertexId>
                <count>1</count>
            </edgeJoinOut>
            <labelName>t3</labelName>
            <edgeIdLst>5</edgeIdLst>
            <edgeIdLst>6</edgeIdLst>
            <edgeIdLst>10</edgeIdLst>
            <place>
                <x>2400.0</x>
                <y>3900.0</y>
            </place>
            <labelPlace>
                <x>2395.0</x>
                <y>3858.0</y>
            </labelPlace>
        </vertex>
        <vertex>
            <vertexId>9</vertexId>
            <type>2</type>
            <marker>0</marker>
            <labelName>t4</labelName>
            <edgeIdLst>7</edgeIdLst>
            <place>
                <x>2642.0</x>
                <y>3897.0</y>
            </place>
            <labelPlace>
                <x>2637.0</x>
                <y>3855.0</y>
            </labelPlace>
        </vertex>
    </vertexLst>
    <edgeLst>
        <edge>
            <edgeId>1</edgeId>
            <inVertexId>1</inVertexId>
            <outVertexId>6</outVertexId>
            <typeEdge>1</typeEdge>
            <pointLst>
                <x>1859.0</x>
                <y>3938.0</y>
            </pointLst>
            <pointLst>
                <x>1929.0</x>
                <y>3937.0</y>
            </pointLst>
        </edge>
        <edge>
            <edgeId>2</edgeId>
            <inVertexId>6</inVertexId>
            <outVertexId>2</outVertexId>
            <typeEdge>1</typeEdge>
            <pointLst>
                <x>1939.0</x>
                <y>3937.0</y>
            </pointLst>
            <pointLst>
                <x>2018.0</x>
                <y>3935.0</y>
            </pointLst>
        </edge>
        <edge>
            <edgeId>3</edgeId>
            <inVertexId>2</inVertexId>
            <outVertexId>7</outVertexId>
            <typeEdge>1</typeEdge>
            <pointLst>
                <x>2092.0</x>
                <y>3940.0</y>
            </pointLst>
            <pointLst>
                <x>2175.0</x>
                <y>3940.0</y>
            </pointLst>
        </edge>
        <edge>
            <edgeId>4</edgeId>
            <inVertexId>7</inVertexId>
            <outVertexId>4</outVertexId>
            <typeEdge>1</typeEdge>
            <pointLst>
                <x>2185.0</x>
                <y>3957.0</y>
            </pointLst>
            <pointLst>
                <x>2261.0</x>
                <y>3957.0</y>
            </pointLst>
        </edge>
        <edge>
            <edgeId>5</edgeId>
            <inVertexId>4</inVertexId>
            <outVertexId>8</outVertexId>
            <typeEdge>1</typeEdge>
            <pointLst>
                <x>2333.0</x>
                <y>3945.0</y>
            </pointLst>
            <pointLst>
                <x>2401.0</x>
                <y>3944.0</y>
            </pointLst>
        </edge>
        <edge>
            <edgeId>6</edgeId>
            <inVertexId>8</inVertexId>
            <outVertexId>5</outVertexId>
            <typeEdge>1</typeEdge>
            <pointLst>
                <x>2411.0</x>
                <y>3927.0</y>
            </pointLst>
            <pointLst>
                <x>2486.0</x>
                <y>3927.0</y>
            </pointLst>
        </edge>
        <edge>
            <edgeId>7</edgeId>
            <inVertexId>5</inVertexId>
            <outVertexId>9</outVertexId>
            <typeEdge>1</typeEdge>
            <pointLst>
                <x>2560.0</x>
                <y>3932.0</y>
            </pointLst>
            <pointLst>
                <x>2643.0</x>
                <y>3933.0</y>
            </pointLst>
        </edge>
        <edge>
            <edgeId>8</edgeId>
            <inVertexId>7</inVertexId>
            <outVertexId>3</outVertexId>
            <typeEdge>1</typeEdge>
            <pointLst>
                <x>2185.0</x>
                <y>3918.0</y>
            </pointLst>
            <pointLst>
                <x>2238.0</x>
                <y>3918.0</y>
            </pointLst>
            <pointLst>
                <x>2237.0</x>
                <y>3778.0</y>
            </pointLst>
            <pointLst>
                <x>2086.0</x>
                <y>3778.0</y>
            </pointLst>
        </edge>
        <edge>
            <edgeId>9</edgeId>
            <inVertexId>3</inVertexId>
            <outVertexId>6</outVertexId>
            <typeEdge>1</typeEdge>
            <pointLst>
                <x>2012.0</x>
                <y>3790.0</y>
            </pointLst>
            <pointLst>
                <x>1867.0</x>
                <y>3790.0</y>
            </pointLst>
            <pointLst>
                <x>1867.0</x>
                <y>3909.0</y>
            </pointLst>
            <pointLst>
                <x>1929.0</x>
                <y>3909.0</y>
            </pointLst>
        </edge>
        <edge>
            <edgeId>10</edgeId>
            <inVertexId>8</inVertexId>
            <outVertexId>1</outVertexId>
            <typeEdge>1</typeEdge>
            <pointLst>
                <x>2411.0</x>
                <y>3949.0</y>
            </pointLst>
            <pointLst>
                <x>2457.0</x>
                <y>3949.0</y>
            </pointLst>
            <pointLst>
                <x>2457.0</x>
                <y>4051.0</y>
            </pointLst>
            <pointLst>
                <x>1734.0</x>
                <y>4051.0</y>
            </pointLst>
            <pointLst>
                <x>1734.0</x>
                <y>3946.0</y>
            </pointLst>
            <pointLst>
                <x>1785.0</x>
                <y>3946.0</y>
            </pointLst>
        </edge>
    </edgeLst>
    <nextVertexId>10</nextVertexId>
    <nextEdgeId>11</nextEdgeId>
    <nextPositionIndex>6</nextPositionIndex>
    <nextTransitionId>5</nextTransitionId>
    <dim>
        <scale>1.5</scale>
        <positionRadius>37.5</positionRadius>
        <markerRadius>7.5</markerRadius>
        <transitionHeight>75.0</transitionHeight>
        <transitionWidth>12.0</transitionWidth>
    </dim>
</petriNet>
