<?xml version="1.0" encoding="UTF-8" standalone="yes"?>
<petriNet xmlns="http://ptr.ulstu.ru/petriNetSch" xmlns:xsi="http://www.w3.org/2001/XMLSchema-instance" xsi:schemaLocation="http://ptr.ulstu.ru/petriNetSch petriNet.xsd">
    <vertexLst>
        <vertex>
            <vertexId>1</vertexId>
            <type>1</type>
            <marker>0</marker>
            <edgeJoinOut>
                <vertexId>7</vertexId>
                <count>1</count>
            </edgeJoinOut>
            <labelName>p1</labelName>
            <edgeIdLst>1</edgeIdLst>
            <place>
                <x>1717.0</x>
                <y>3957.0</y>
            </place>
            <labelPlace>
                <x>1739.0</x>
                <y>3918.0</y>
            </labelPlace>
        </vertex>
        <vertex>
            <vertexId>2</vertexId>
            <type>1</type>
            <marker>0</marker>
            <edgeJoinOut>
                <vertexId>8</vertexId>
                <count>3</count>
            </edgeJoinOut>
            <labelName>p2</labelName>
            <edgeIdLst>2</edgeIdLst>
            <edgeIdLst>4</edgeIdLst>
            <edgeIdLst>5</edgeIdLst>
            <edgeIdLst>6</edgeIdLst>
            <place>
                <x>1913.0</x>
                <y>3783.0</y>
            </place>
            <labelPlace>
                <x>1935.0</x>
                <y>3744.0</y>
            </labelPlace>
        </vertex>
        <vertex>
            <vertexId>3</vertexId>
            <type>1</type>
            <marker>0</marker>
            <edgeJoinOut>
                <vertexId>9</vertexId>
                <count>1</count>
            </edgeJoinOut>
            <labelName>p3</labelName>
            <edgeIdLst>3</edgeIdLst>
            <edgeIdLst>9</edgeIdLst>
            <edgeIdLst>10</edgeIdLst>
            <place>
                <x>1903.0</x>
                <y>4068.0</y>
            </place>
            <labelPlace>
                <x>1925.0</x>
                <y>4029.0</y>
            </labelPlace>
        </vertex>
        <vertex>
            <vertexId>4</vertexId>
            <type>1</type>
            <marker>0</marker>
            <edgeJoinOut>
                <vertexId>10</vertexId>
                <count>1</count>
            </edgeJoinOut>
            <labelName>p4</labelName>
            <edgeIdLst>7</edgeIdLst>
            <edgeIdLst>8</edgeIdLst>
            <place>
                <x>2194.0</x>
                <y>3770.0</y>
            </place>
            <labelPlace>
                <x>2216.0</x>
                <y>3731.0</y>
            </labelPlace>
        </vertex>
        <vertex>
            <vertexId>5</vertexId>
            <type>1</type>
            <marker>0</marker>
            <edgeJoinOut>
                <vertexId>10</vertexId>
                <count>1</count>
            </edgeJoinOut>
            <labelName>p5</labelName>
            <edgeIdLst>11</edgeIdLst>
            <edgeIdLst>12</edgeIdLst>
            <edgeIdLst>13</edgeIdLst>
            <place>
                <x>2197.0</x>
                <y>4074.0</y>
            </place>
            <labelPlace>
                <x>2219.0</x>
                <y>4035.0</y>
            </labelPlace>
        </vertex>
        <vertex>
            <vertexId>6</vertexId>
            <type>1</type>
            <marker>0</marker>
            <labelName>p6</labelName>
            <edgeIdLst>14</edgeIdLst>
            <edgeIdLst>15</edgeIdLst>
            <place>
                <x>2503.0</x>
                <y>3886.0</y>
            </place>
            <labelPlace>
                <x>2525.0</x>
                <y>3847.0</y>
            </labelPlace>
        </vertex>
        <vertex>
            <vertexId>7</vertexId>
            <type>2</type>
            <marker>0</marker>
            <edgeJoinOut>
                <vertexId>2</vertexId>
                <count>1</count>
            </edgeJoinOut>
            <edgeJoinOut>
                <vertexId>3</vertexId>
                <count>1</count>
            </edgeJoinOut>
            <labelName>t1</labelName>
            <edgeIdLst>1</edgeIdLst>
            <edgeIdLst>2</edgeIdLst>
            <edgeIdLst>3</edgeIdLst>
            <place>
                <x>1849.0</x>
                <y>3943.0</y>
            </place>
            <labelPlace>
                <x>1844.0</x>
                <y>3901.0</y>
            </labelPlace>
        </vertex>
        <vertex>
            <vertexId>8</vertexId>
            <type>2</type>
            <marker>0</marker>
            <edgeJoinOut>
                <vertexId>4</vertexId>
                <count>1</count>
            </edgeJoinOut>
            <labelName>t2</labelName>
            <edgeIdLst>4</edgeIdLst>
            <edgeIdLst>5</edgeIdLst>
            <edgeIdLst>6</edgeIdLst>
            <edgeIdLst>7</edgeIdLst>
            <place>
                <x>2072.0</x>
                <y>3775.0</y>
            </place>
            <labelPlace>
                <x>2067.0</x>
                <y>3733.0</y>
            </labelPlace>
        </vertex>
        <vertex>
            <vertexId>9</vertexId>
            <type>2</type>
            <marker>0</marker>
            <edgeJoinOut>
                <vertexId>3</vertexId>
                <count>1</count>
            </edgeJoinOut>
            <edgeJoinOut>
                <vertexId>5</vertexId>
                <count>2</count>
            </edgeJoinOut>
            <edgeJoinOut>
                <vertexId>6</vertexId>
                <count>1</count>
            </edgeJoinOut>
            <labelName>t3</labelName>
            <edgeIdLst>9</edgeIdLst>
            <edgeIdLst>10</edgeIdLst>
            <edgeIdLst>11</edgeIdLst>
            <edgeIdLst>12</edgeIdLst>
            <edgeIdLst>14</edgeIdLst>
            <place>
                <x>2080.0</x>
                <y>4058.0</y>
            </place>
            <labelPlace>
                <x>2075.0</x>
                <y>4016.0</y>
            </labelPlace>
        </vertex>
        <vertex>
            <vertexId>10</vertexId>
            <type>2</type>
            <marker>0</marker>
            <edgeJoinOut>
                <vertexId>6</vertexId>
                <count>1</count>
            </edgeJoinOut>
            <labelName>t4</labelName>
            <edgeIdLst>8</edgeIdLst>
            <edgeIdLst>13</edgeIdLst>
            <edgeIdLst>15</edgeIdLst>
            <place>
                <x>2379.0</x>
                <y>3891.0</y>
            </place>
            <labelPlace>
                <x>2374.0</x>
                <y>3849.0</y>
            </labelPlace>
        </vertex>
    </vertexLst>
    <edgeLst>
        <edge>
            <edgeId>1</edgeId>
            <inVertexId>1</inVertexId>
            <outVertexId>7</outVertexId>
            <typeEdge>1</typeEdge>
            <pointLst>
                <x>1791.0</x>
                <y>3988.0</y>
            </pointLst>
            <pointLst>
                <x>1850.0</x>
                <y>3989.0</y>
            </pointLst>
        </edge>
        <edge>
            <edgeId>2</edgeId>
            <inVertexId>7</inVertexId>
            <outVertexId>2</outVertexId>
            <typeEdge>1</typeEdge>
            <pointLst>
                <x>1860.0</x>
                <y>3972.0</y>
            </pointLst>
            <pointLst>
                <x>1937.0</x>
                <y>3855.0</y>
            </pointLst>
        </edge>
        <edge>
            <edgeId>3</edgeId>
            <inVertexId>7</inVertexId>
            <outVertexId>3</outVertexId>
            <typeEdge>1</typeEdge>
            <pointLst>
                <x>1860.0</x>
                <y>3998.0</y>
            </pointLst>
            <pointLst>
                <x>1916.0</x>
                <y>4075.0</y>
            </pointLst>
        </edge>
        <edge>
            <edgeId>4</edgeId>
            <inVertexId>2</inVertexId>
            <outVertexId>8</outVertexId>
            <typeEdge>1</typeEdge>
            <pointLst>
                <x>1980.0</x>
                <y>3797.0</y>
            </pointLst>
            <pointLst>
                <x>2073.0</x>
                <y>3797.0</y>
            </pointLst>
        </edge>
        <edge>
            <edgeId>5</edgeId>
            <inVertexId>2</inVertexId>
            <outVertexId>8</outVertexId>
            <typeEdge>1</typeEdge>
            <pointLst>
                <x>1986.0</x>
                <y>3810.0</y>
            </pointLst>
            <pointLst>
                <x>2073.0</x>
                <y>3810.0</y>
            </pointLst>
        </edge>
        <edge>
            <edgeId>6</edgeId>
            <inVertexId>2</inVertexId>
            <outVertexId>8</outVertexId>
            <typeEdge>1</typeEdge>
            <pointLst>
                <x>1986.0</x>
                <y>3826.0</y>
            </pointLst>
            <pointLst>
                <x>2073.0</x>
                <y>3826.0</y>
            </pointLst>
        </edge>
        <edge>
            <edgeId>7</edgeId>
            <inVertexId>8</inVertexId>
            <outVertexId>4</outVertexId>
            <typeEdge>1</typeEdge>
            <pointLst>
                <x>2083.0</x>
                <y>3814.0</y>
            </pointLst>
            <pointLst>
                <x>2194.0</x>
                <y>3813.0</y>
            </pointLst>
        </edge>
        <edge>
            <edgeId>8</edgeId>
            <inVertexId>4</inVertexId>
            <outVertexId>10</outVertexId>
            <typeEdge>1</typeEdge>
            <pointLst>
                <x>2265.0</x>
                <y>3822.0</y>
            </pointLst>
            <pointLst>
                <x>2380.0</x>
                <y>3918.0</y>
            </pointLst>
        </edge>
        <edge>
            <edgeId>9</edgeId>
            <inVertexId>3</inVertexId>
            <outVertexId>9</outVertexId>
            <typeEdge>1</typeEdge>
            <pointLst>
                <x>1971.0</x>
                <y>4084.0</y>
            </pointLst>
            <pointLst>
                <x>2081.0</x>
                <y>4084.0</y>
            </pointLst>
        </edge>
        <edge>
            <edgeId>10</edgeId>
            <inVertexId>9</inVertexId>
            <outVertexId>3</outVertexId>
            <typeEdge>1</typeEdge>
            <pointLst>
                <x>2081.0</x>
                <y>4113.0</y>
            </pointLst>
            <pointLst>
                <x>1976.0</x>
                <y>4112.0</y>
            </pointLst>
        </edge>
        <edge>
            <edgeId>11</edgeId>
            <inVertexId>9</inVertexId>
            <outVertexId>5</outVertexId>
            <typeEdge>1</typeEdge>
            <pointLst>
                <x>2091.0</x>
                <y>4089.0</y>
            </pointLst>
            <pointLst>
                <x>2201.0</x>
                <y>4092.0</y>
            </pointLst>
        </edge>
        <edge>
            <edgeId>12</edgeId>
            <inVertexId>9</inVertexId>
            <outVertexId>5</outVertexId>
            <typeEdge>1</typeEdge>
            <pointLst>
                <x>2091.0</x>
                <y>4119.0</y>
            </pointLst>
            <pointLst>
                <x>2197.0</x>
                <y>4118.0</y>
            </pointLst>
        </edge>
        <edge>
            <edgeId>13</edgeId>
            <inVertexId>5</inVertexId>
            <outVertexId>10</outVertexId>
            <typeEdge>1</typeEdge>
            <pointLst>
                <x>2264.0</x>
                <y>4089.0</y>
            </pointLst>
            <pointLst>
                <x>2380.0</x>
                <y>3946.0</y>
            </pointLst>
        </edge>
        <edge>
            <edgeId>14</edgeId>
            <inVertexId>9</inVertexId>
            <outVertexId>6</outVertexId>
            <typeEdge>1</typeEdge>
            <pointLst>
                <x>2091.0</x>
                <y>4131.0</y>
            </pointLst>
            <pointLst>
                <x>2403.0</x>
                <y>4179.0</y>
            </pointLst>
            <pointLst>
                <x>2516.0</x>
                <y>3952.0</y>
            </pointLst>
        </edge>
        <edge>
            <edgeId>15</edgeId>
            <inVertexId>10</inVertexId>
            <outVertexId>6</outVertexId>
            <typeEdge>1</typeEdge>
            <pointLst>
                <x>2390.0</x>
                <y>3932.0</y>
            </pointLst>
            <pointLst>
                <x>2503.0</x>
                <y>3932.0</y>
            </pointLst>
        </edge>
    </edgeLst>
    <nextVertexId>11</nextVertexId>
    <nextEdgeId>16</nextEdgeId>
    <nextPositionIndex>7</nextPositionIndex>
    <nextTransitionId>5</nextTransitionId>
    <dim>
        <scale>1.5</scale>
        <positionRadius>37.5</positionRadius>
        <markerRadius>7.5</markerRadius>
        <transitionHeight>75.0</transitionHeight>
        <transitionWidth>12.0</transitionWidth>
    </dim>
</petriNet>
