<?xml version="1.0" encoding="UTF-8" standalone="yes"?>
<petriNet xmlns="http://ptr.ulstu.ru/petriNetSch" xmlns:xsi="http://www.w3.org/2001/XMLSchema-instance" xsi:schemaLocation="http://ptr.ulstu.ru/petriNetSch petriNet.xsd">
    <vertexLst>
        <vertex>
            <vertexId>1</vertexId>
            <type>2</type>
            <marker>0</marker>
            <edgeJoinOut>
                <vertexId>5</vertexId>
                <count>1</count>
            </edgeJoinOut>
            <labelName>t1</labelName>
            <edgeIdLst>1</edgeIdLst>
            <place>
                <x>1750.0</x>
                <y>3772.0</y>
            </place>
            <labelPlace>
                <x>1745.0</x>
                <y>3730.0</y>
            </labelPlace>
        </vertex>
        <vertex>
            <vertexId>2</vertexId>
            <type>2</type>
            <marker>0</marker>
            <edgeJoinOut>
                <vertexId>6</vertexId>
                <count>1</count>
            </edgeJoinOut>
            <labelName>t2</labelName>
            <edgeIdLst>2</edgeIdLst>
            <edgeIdLst>3</edgeIdLst>
            <edgeIdLst>8</edgeIdLst>
            <place>
                <x>1964.0</x>
                <y>3765.0</y>
            </place>
            <labelPlace>
                <x>1959.0</x>
                <y>3723.0</y>
            </labelPlace>
        </vertex>
        <vertex>
            <vertexId>3</vertexId>
            <type>2</type>
            <marker>0</marker>
            <edgeJoinOut>
                <vertexId>7</vertexId>
                <count>1</count>
            </edgeJoinOut>
            <edgeJoinOut>
                <vertexId>8</vertexId>
                <count>1</count>
            </edgeJoinOut>
            <labelName>t3</labelName>
            <edgeIdLst>4</edgeIdLst>
            <edgeIdLst>5</edgeIdLst>
            <edgeIdLst>7</edgeIdLst>
            <place>
                <x>2252.0</x>
                <y>3763.0</y>
            </place>
            <labelPlace>
                <x>2247.0</x>
                <y>3721.0</y>
            </labelPlace>
        </vertex>
        <vertex>
            <vertexId>4</vertexId>
            <type>2</type>
            <marker>0</marker>
            <labelName>t4</labelName>
            <edgeIdLst>6</edgeIdLst>
            <place>
                <x>2530.0</x>
                <y>3758.0</y>
            </place>
            <labelPlace>
                <x>2525.0</x>
                <y>3716.0</y>
            </labelPlace>
        </vertex>
        <vertex>
            <vertexId>5</vertexId>
            <type>1</type>
            <marker>0</marker>
            <edgeJoinOut>
                <vertexId>2</vertexId>
                <count>1</count>
            </edgeJoinOut>
            <labelName>p1</labelName>
            <edgeIdLst>1</edgeIdLst>
            <edgeIdLst>2</edgeIdLst>
            <place>
                <x>1809.0</x>
                <y>3765.0</y>
            </place>
            <labelPlace>
                <x>1831.0</x>
                <y>3726.0</y>
            </labelPlace>
        </vertex>
        <vertex>
            <vertexId>6</vertexId>
            <type>1</type>
            <marker>0</marker>
            <edgeJoinOut>
                <vertexId>3</vertexId>
                <count>1</count>
            </edgeJoinOut>
            <labelName>p2</labelName>
            <edgeIdLst>3</edgeIdLst>
            <edgeIdLst>4</edgeIdLst>
            <place>
                <x>2074.0</x>
                <y>3769.0</y>
            </place>
            <labelPlace>
                <x>2096.0</x>
                <y>3730.0</y>
            </labelPlace>
        </vertex>
        <vertex>
            <vertexId>7</vertexId>
            <type>1</type>
            <marker>0</marker>
            <edgeJoinOut>
                <vertexId>4</vertexId>
                <count>1</count>
            </edgeJoinOut>
            <labelName>p3</labelName>
            <edgeIdLst>5</edgeIdLst>
            <edgeIdLst>6</edgeIdLst>
            <place>
                <x>2354.0</x>
                <y>3768.0</y>
            </place>
            <labelPlace>
                <x>2376.0</x>
                <y>3729.0</y>
            </labelPlace>
        </vertex>
        <vertex>
            <vertexId>8</vertexId>
            <type>1</type>
            <marker>1</marker>
            <edgeJoinOut>
                <vertexId>2</vertexId>
                <count>1</count>
            </edgeJoinOut>
            <labelName>p4</labelName>
            <edgeIdLst>7</edgeIdLst>
            <edgeIdLst>8</edgeIdLst>
            <place>
                <x>2080.0</x>
                <y>3972.0</y>
            </place>
            <labelPlace>
                <x>2102.0</x>
                <y>3933.0</y>
            </labelPlace>
        </vertex>
    </vertexLst>
    <edgeLst>
        <edge>
            <edgeId>1</edgeId>
            <inVertexId>1</inVertexId>
            <outVertexId>5</outVertexId>
            <typeEdge>1</typeEdge>
            <pointLst>
                <x>1761.0</x>
                <y>3812.0</y>
            </pointLst>
            <pointLst>
                <x>1810.0</x>
                <y>3812.0</y>
            </pointLst>
        </edge>
        <edge>
            <edgeId>2</edgeId>
            <inVertexId>5</inVertexId>
            <outVertexId>2</outVertexId>
            <typeEdge>1</typeEdge>
            <pointLst>
                <x>1883.0</x>
                <y>3802.0</y>
            </pointLst>
            <pointLst>
                <x>1965.0</x>
                <y>3802.0</y>
            </pointLst>
        </edge>
        <edge>
            <edgeId>3</edgeId>
            <inVertexId>2</inVertexId>
            <outVertexId>6</outVertexId>
            <typeEdge>1</typeEdge>
            <pointLst>
                <x>1975.0</x>
                <y>3800.0</y>
            </pointLst>
            <pointLst>
                <x>2074.0</x>
                <y>3799.0</y>
            </pointLst>
        </edge>
        <edge>
            <edgeId>4</edgeId>
            <inVertexId>6</inVertexId>
            <outVertexId>3</outVertexId>
            <typeEdge>1</typeEdge>
            <pointLst>
                <x>2148.0</x>
                <y>3804.0</y>
            </pointLst>
            <pointLst>
                <x>2253.0</x>
                <y>3805.0</y>
            </pointLst>
        </edge>
        <edge>
            <edgeId>5</edgeId>
            <inVertexId>3</inVertexId>
            <outVertexId>7</outVertexId>
            <typeEdge>1</typeEdge>
            <pointLst>
                <x>2263.0</x>
                <y>3792.0</y>
            </pointLst>
            <pointLst>
                <x>2355.0</x>
                <y>3791.0</y>
            </pointLst>
        </edge>
        <edge>
            <edgeId>6</edgeId>
            <inVertexId>7</inVertexId>
            <outVertexId>4</outVertexId>
            <typeEdge>1</typeEdge>
            <pointLst>
                <x>2427.0</x>
                <y>3798.0</y>
            </pointLst>
            <pointLst>
                <x>2531.0</x>
                <y>3800.0</y>
            </pointLst>
        </edge>
        <edge>
            <edgeId>7</edgeId>
            <inVertexId>3</inVertexId>
            <outVertexId>8</outVertexId>
            <typeEdge>1</typeEdge>
            <pointLst>
                <x>2263.0</x>
                <y>3829.0</y>
            </pointLst>
            <pointLst>
                <x>2323.0</x>
                <y>3829.0</y>
            </pointLst>
            <pointLst>
                <x>2323.0</x>
                <y>4006.0</y>
            </pointLst>
            <pointLst>
                <x>2154.0</x>
                <y>4006.0</y>
            </pointLst>
        </edge>
        <edge>
            <edgeId>8</edgeId>
            <inVertexId>8</inVertexId>
            <outVertexId>2</outVertexId>
            <typeEdge>1</typeEdge>
            <pointLst>
                <x>2080.0</x>
                <y>4017.0</y>
            </pointLst>
            <pointLst>
                <x>1906.0</x>
                <y>4017.0</y>
            </pointLst>
            <pointLst>
                <x>1906.0</x>
                <y>3827.0</y>
            </pointLst>
            <pointLst>
                <x>1965.0</x>
                <y>3827.0</y>
            </pointLst>
        </edge>
    </edgeLst>
    <nextVertexId>9</nextVertexId>
    <nextEdgeId>9</nextEdgeId>
    <nextPositionIndex>5</nextPositionIndex>
    <nextTransitionId>5</nextTransitionId>
    <dim>
        <scale>1.5</scale>
        <positionRadius>37.5</positionRadius>
        <markerRadius>7.5</markerRadius>
        <transitionHeight>75.0</transitionHeight>
        <transitionWidth>12.0</transitionWidth>
    </dim>
</petriNet>
