<?xml version="1.0" encoding="UTF-8" standalone="yes"?>
<petriNet xmlns="http://ptr.ulstu.ru/petriNetSch" xmlns:xsi="http://www.w3.org/2001/XMLSchema-instance" xsi:schemaLocation="http://ptr.ulstu.ru/petriNetSch petriNet.xsd">
    <vertexLst>
        <vertex>
            <vertexId>1</vertexId>
            <type>2</type>
            <marker>0</marker>
            <edgeJoinOut>
                <vertexId>8</vertexId>
                <count>1</count>
            </edgeJoinOut>
            <labelName>t1</labelName>
            <edgeIdLst>1</edgeIdLst>
            <edgeIdLst>20</edgeIdLst>
            <place>
                <x>1746.0</x>
                <y>3919.0</y>
            </place>
            <labelPlace>
                <x>1741.0</x>
                <y>3877.0</y>
            </labelPlace>
        </vertex>
        <vertex>
            <vertexId>2</vertexId>
            <type>2</type>
            <marker>0</marker>
            <edgeJoinOut>
                <vertexId>15</vertexId>
                <count>1</count>
            </edgeJoinOut>
            <labelName>t2</labelName>
            <edgeIdLst>2</edgeIdLst>
            <edgeIdLst>3</edgeIdLst>
            <edgeIdLst>22</edgeIdLst>
            <place>
                <x>1925.0</x>
                <y>3786.0</y>
            </place>
            <labelPlace>
                <x>1920.0</x>
                <y>3744.0</y>
            </labelPlace>
        </vertex>
        <vertex>
            <vertexId>3</vertexId>
            <type>2</type>
            <marker>0</marker>
            <edgeJoinOut>
                <vertexId>16</vertexId>
                <count>1</count>
            </edgeJoinOut>
            <labelName>t3</labelName>
            <edgeIdLst>12</edgeIdLst>
            <edgeIdLst>13</edgeIdLst>
            <edgeIdLst>19</edgeIdLst>
            <place>
                <x>1935.0</x>
                <y>4037.0</y>
            </place>
            <labelPlace>
                <x>1930.0</x>
                <y>3995.0</y>
            </labelPlace>
        </vertex>
        <vertex>
            <vertexId>4</vertexId>
            <type>2</type>
            <marker>0</marker>
            <edgeJoinOut>
                <vertexId>10</vertexId>
                <count>1</count>
            </edgeJoinOut>
            <edgeJoinOut>
                <vertexId>12</vertexId>
                <count>1</count>
            </edgeJoinOut>
            <labelName>t4</labelName>
            <edgeIdLst>4</edgeIdLst>
            <edgeIdLst>5</edgeIdLst>
            <edgeIdLst>8</edgeIdLst>
            <edgeIdLst>9</edgeIdLst>
            <place>
                <x>2122.0</x>
                <y>3788.0</y>
            </place>
            <labelPlace>
                <x>2117.0</x>
                <y>3746.0</y>
            </labelPlace>
        </vertex>
        <vertex>
            <vertexId>5</vertexId>
            <type>2</type>
            <marker>0</marker>
            <edgeJoinOut>
                <vertexId>13</vertexId>
                <count>1</count>
            </edgeJoinOut>
            <labelName>t5</labelName>
            <edgeIdLst>10</edgeIdLst>
            <edgeIdLst>11</edgeIdLst>
            <edgeIdLst>14</edgeIdLst>
            <edgeIdLst>15</edgeIdLst>
            <place>
                <x>2122.0</x>
                <y>4040.0</y>
            </place>
            <labelPlace>
                <x>2117.0</x>
                <y>3998.0</y>
            </labelPlace>
        </vertex>
        <vertex>
            <vertexId>6</vertexId>
            <type>2</type>
            <marker>0</marker>
            <edgeJoinOut>
                <vertexId>9</vertexId>
                <count>1</count>
            </edgeJoinOut>
            <edgeJoinOut>
                <vertexId>14</vertexId>
                <count>1</count>
            </edgeJoinOut>
            <labelName>t6</labelName>
            <edgeIdLst>6</edgeIdLst>
            <edgeIdLst>7</edgeIdLst>
            <edgeIdLst>21</edgeIdLst>
            <place>
                <x>2318.0</x>
                <y>3791.0</y>
            </place>
            <labelPlace>
                <x>2313.0</x>
                <y>3749.0</y>
            </labelPlace>
        </vertex>
        <vertex>
            <vertexId>7</vertexId>
            <type>2</type>
            <marker>0</marker>
            <edgeJoinOut>
                <vertexId>11</vertexId>
                <count>1</count>
            </edgeJoinOut>
            <edgeJoinOut>
                <vertexId>14</vertexId>
                <count>1</count>
            </edgeJoinOut>
            <labelName>t7</labelName>
            <edgeIdLst>16</edgeIdLst>
            <edgeIdLst>17</edgeIdLst>
            <edgeIdLst>18</edgeIdLst>
            <place>
                <x>2319.0</x>
                <y>4040.0</y>
            </place>
            <labelPlace>
                <x>2314.0</x>
                <y>3998.0</y>
            </labelPlace>
        </vertex>
        <vertex>
            <vertexId>8</vertexId>
            <type>1</type>
            <marker>1</marker>
            <edgeJoinOut>
                <vertexId>2</vertexId>
                <count>1</count>
            </edgeJoinOut>
            <edgeJoinOut>
                <vertexId>3</vertexId>
                <count>1</count>
            </edgeJoinOut>
            <labelName>p1</labelName>
            <edgeIdLst>1</edgeIdLst>
            <edgeIdLst>2</edgeIdLst>
            <edgeIdLst>12</edgeIdLst>
            <place>
                <x>1814.0</x>
                <y>3922.0</y>
            </place>
            <labelPlace>
                <x>1836.0</x>
                <y>3883.0</y>
            </labelPlace>
        </vertex>
        <vertex>
            <vertexId>9</vertexId>
            <type>1</type>
            <marker>0</marker>
            <edgeJoinOut>
                <vertexId>2</vertexId>
                <count>1</count>
            </edgeJoinOut>
            <labelName>p2</labelName>
            <edgeIdLst>21</edgeIdLst>
            <edgeIdLst>22</edgeIdLst>
            <place>
                <x>2124.0</x>
                <y>3660.0</y>
            </place>
            <labelPlace>
                <x>2146.0</x>
                <y>3621.0</y>
            </labelPlace>
        </vertex>
        <vertex>
            <vertexId>10</vertexId>
            <type>1</type>
            <marker>1</marker>
            <edgeJoinOut>
                <vertexId>4</vertexId>
                <count>1</count>
            </edgeJoinOut>
            <edgeJoinOut>
                <vertexId>5</vertexId>
                <count>2</count>
            </edgeJoinOut>
            <labelName>p3</labelName>
            <edgeIdLst>8</edgeIdLst>
            <edgeIdLst>9</edgeIdLst>
            <edgeIdLst>10</edgeIdLst>
            <edgeIdLst>11</edgeIdLst>
            <place>
                <x>2091.0</x>
                <y>3928.0</y>
            </place>
            <labelPlace>
                <x>2113.0</x>
                <y>3889.0</y>
            </labelPlace>
        </vertex>
        <vertex>
            <vertexId>11</vertexId>
            <type>1</type>
            <marker>1</marker>
            <edgeJoinOut>
                <vertexId>3</vertexId>
                <count>1</count>
            </edgeJoinOut>
            <labelName>p4</labelName>
            <edgeIdLst>18</edgeIdLst>
            <edgeIdLst>19</edgeIdLst>
            <place>
                <x>2144.0</x>
                <y>4150.0</y>
            </place>
            <labelPlace>
                <x>2166.0</x>
                <y>4111.0</y>
            </labelPlace>
        </vertex>
        <vertex>
            <vertexId>12</vertexId>
            <type>1</type>
            <marker>0</marker>
            <edgeJoinOut>
                <vertexId>6</vertexId>
                <count>1</count>
            </edgeJoinOut>
            <labelName>p5</labelName>
            <edgeIdLst>5</edgeIdLst>
            <edgeIdLst>6</edgeIdLst>
            <place>
                <x>2196.0</x>
                <y>3793.0</y>
            </place>
            <labelPlace>
                <x>2218.0</x>
                <y>3754.0</y>
            </labelPlace>
        </vertex>
        <vertex>
            <vertexId>13</vertexId>
            <type>1</type>
            <marker>0</marker>
            <edgeJoinOut>
                <vertexId>7</vertexId>
                <count>1</count>
            </edgeJoinOut>
            <labelName>p6</labelName>
            <edgeIdLst>15</edgeIdLst>
            <edgeIdLst>16</edgeIdLst>
            <place>
                <x>2197.0</x>
                <y>4044.0</y>
            </place>
            <labelPlace>
                <x>2219.0</x>
                <y>4005.0</y>
            </labelPlace>
        </vertex>
        <vertex>
            <vertexId>14</vertexId>
            <type>1</type>
            <marker>0</marker>
            <edgeJoinOut>
                <vertexId>1</vertexId>
                <count>1</count>
            </edgeJoinOut>
            <labelName>p7</labelName>
            <edgeIdLst>7</edgeIdLst>
            <edgeIdLst>17</edgeIdLst>
            <edgeIdLst>20</edgeIdLst>
            <place>
                <x>2432.0</x>
                <y>3924.0</y>
            </place>
            <labelPlace>
                <x>2454.0</x>
                <y>3885.0</y>
            </labelPlace>
        </vertex>
        <vertex>
            <vertexId>15</vertexId>
            <type>1</type>
            <marker>0</marker>
            <edgeJoinOut>
                <vertexId>4</vertexId>
                <count>1</count>
            </edgeJoinOut>
            <labelName>p8</labelName>
            <edgeIdLst>3</edgeIdLst>
            <edgeIdLst>4</edgeIdLst>
            <place>
                <x>1981.0</x>
                <y>3784.0</y>
            </place>
            <labelPlace>
                <x>2003.0</x>
                <y>3745.0</y>
            </labelPlace>
        </vertex>
        <vertex>
            <vertexId>16</vertexId>
            <type>1</type>
            <marker>0</marker>
            <edgeJoinOut>
                <vertexId>5</vertexId>
                <count>1</count>
            </edgeJoinOut>
            <labelName>p9</labelName>
            <edgeIdLst>13</edgeIdLst>
            <edgeIdLst>14</edgeIdLst>
            <place>
                <x>1994.0</x>
                <y>4041.0</y>
            </place>
            <labelPlace>
                <x>2016.0</x>
                <y>4002.0</y>
            </labelPlace>
        </vertex>
    </vertexLst>
    <edgeLst>
        <edge>
            <edgeId>1</edgeId>
            <inVertexId>1</inVertexId>
            <outVertexId>8</outVertexId>
            <typeEdge>1</typeEdge>
            <pointLst>
                <x>1757.0</x>
                <y>3963.0</y>
            </pointLst>
            <pointLst>
                <x>1814.0</x>
                <y>3965.0</y>
            </pointLst>
        </edge>
        <edge>
            <edgeId>2</edgeId>
            <inVertexId>8</inVertexId>
            <outVertexId>2</outVertexId>
            <typeEdge>1</typeEdge>
            <pointLst>
                <x>1874.0</x>
                <y>3929.0</y>
            </pointLst>
            <pointLst>
                <x>1926.0</x>
                <y>3827.0</y>
            </pointLst>
        </edge>
        <edge>
            <edgeId>3</edgeId>
            <inVertexId>2</inVertexId>
            <outVertexId>15</outVertexId>
            <typeEdge>1</typeEdge>
            <pointLst>
                <x>1936.0</x>
                <y>3829.0</y>
            </pointLst>
            <pointLst>
                <x>1981.0</x>
                <y>3829.0</y>
            </pointLst>
        </edge>
        <edge>
            <edgeId>4</edgeId>
            <inVertexId>15</inVertexId>
            <outVertexId>4</outVertexId>
            <typeEdge>1</typeEdge>
            <pointLst>
                <x>2055.0</x>
                <y>3818.0</y>
            </pointLst>
            <pointLst>
                <x>2123.0</x>
                <y>3818.0</y>
            </pointLst>
        </edge>
        <edge>
            <edgeId>5</edgeId>
            <inVertexId>4</inVertexId>
            <outVertexId>12</outVertexId>
            <typeEdge>1</typeEdge>
            <pointLst>
                <x>2133.0</x>
                <y>3817.0</y>
            </pointLst>
            <pointLst>
                <x>2197.0</x>
                <y>3817.0</y>
            </pointLst>
        </edge>
        <edge>
            <edgeId>6</edgeId>
            <inVertexId>12</inVertexId>
            <outVertexId>6</outVertexId>
            <typeEdge>1</typeEdge>
            <pointLst>
                <x>2269.0</x>
                <y>3822.0</y>
            </pointLst>
            <pointLst>
                <x>2319.0</x>
                <y>3822.0</y>
            </pointLst>
        </edge>
        <edge>
            <edgeId>7</edgeId>
            <inVertexId>6</inVertexId>
            <outVertexId>14</outVertexId>
            <typeEdge>1</typeEdge>
            <pointLst>
                <x>2329.0</x>
                <y>3824.0</y>
            </pointLst>
            <pointLst>
                <x>2441.0</x>
                <y>3935.0</y>
            </pointLst>
        </edge>
        <edge>
            <edgeId>8</edgeId>
            <inVertexId>4</inVertexId>
            <outVertexId>10</outVertexId>
            <typeEdge>1</typeEdge>
            <pointLst>
                <x>2133.0</x>
                <y>3843.0</y>
            </pointLst>
            <pointLst>
                <x>2157.0</x>
                <y>3843.0</y>
            </pointLst>
            <pointLst>
                <x>2157.0</x>
                <y>3941.0</y>
            </pointLst>
        </edge>
        <edge>
            <edgeId>9</edgeId>
            <inVertexId>10</inVertexId>
            <outVertexId>4</outVertexId>
            <typeEdge>1</typeEdge>
            <pointLst>
                <x>2093.0</x>
                <y>3950.0</y>
            </pointLst>
            <pointLst>
                <x>2093.0</x>
                <y>3840.0</y>
            </pointLst>
            <pointLst>
                <x>2123.0</x>
                <y>3840.0</y>
            </pointLst>
        </edge>
        <edge>
            <edgeId>10</edgeId>
            <inVertexId>10</inVertexId>
            <outVertexId>5</outVertexId>
            <typeEdge>1</typeEdge>
            <pointLst>
                <x>2098.0</x>
                <y>3987.0</y>
            </pointLst>
            <pointLst>
                <x>2098.0</x>
                <y>4066.0</y>
            </pointLst>
            <pointLst>
                <x>2123.0</x>
                <y>4066.0</y>
            </pointLst>
        </edge>
        <edge>
            <edgeId>11</edgeId>
            <inVertexId>10</inVertexId>
            <outVertexId>5</outVertexId>
            <typeEdge>1</typeEdge>
            <pointLst>
                <x>2156.0</x>
                <y>3988.0</y>
            </pointLst>
            <pointLst>
                <x>2156.0</x>
                <y>4069.0</y>
            </pointLst>
            <pointLst>
                <x>2133.0</x>
                <y>4068.0</y>
            </pointLst>
        </edge>
        <edge>
            <edgeId>12</edgeId>
            <inVertexId>8</inVertexId>
            <outVertexId>3</outVertexId>
            <typeEdge>1</typeEdge>
            <pointLst>
                <x>1872.0</x>
                <y>3989.0</y>
            </pointLst>
            <pointLst>
                <x>1936.0</x>
                <y>4065.0</y>
            </pointLst>
        </edge>
        <edge>
            <edgeId>13</edgeId>
            <inVertexId>3</inVertexId>
            <outVertexId>16</outVertexId>
            <typeEdge>1</typeEdge>
            <pointLst>
                <x>1946.0</x>
                <y>4084.0</y>
            </pointLst>
            <pointLst>
                <x>1994.0</x>
                <y>4084.0</y>
            </pointLst>
        </edge>
        <edge>
            <edgeId>14</edgeId>
            <inVertexId>16</inVertexId>
            <outVertexId>5</outVertexId>
            <typeEdge>1</typeEdge>
            <pointLst>
                <x>2067.0</x>
                <y>4084.0</y>
            </pointLst>
            <pointLst>
                <x>2123.0</x>
                <y>4084.0</y>
            </pointLst>
        </edge>
        <edge>
            <edgeId>15</edgeId>
            <inVertexId>5</inVertexId>
            <outVertexId>13</outVertexId>
            <typeEdge>1</typeEdge>
            <pointLst>
                <x>2133.0</x>
                <y>4087.0</y>
            </pointLst>
            <pointLst>
                <x>2197.0</x>
                <y>4087.0</y>
            </pointLst>
        </edge>
        <edge>
            <edgeId>17</edgeId>
            <inVertexId>7</inVertexId>
            <outVertexId>14</outVertexId>
            <typeEdge>1</typeEdge>
            <pointLst>
                <x>2330.0</x>
                <y>4056.0</y>
            </pointLst>
            <pointLst>
                <x>2441.0</x>
                <y>3986.0</y>
            </pointLst>
        </edge>
        <edge>
            <edgeId>16</edgeId>
            <inVertexId>13</inVertexId>
            <outVertexId>7</outVertexId>
            <typeEdge>1</typeEdge>
            <pointLst>
                <x>2271.0</x>
                <y>4086.0</y>
            </pointLst>
            <pointLst>
                <x>2320.0</x>
                <y>4086.0</y>
            </pointLst>
        </edge>
        <edge>
            <edgeId>19</edgeId>
            <inVertexId>11</inVertexId>
            <outVertexId>3</outVertexId>
            <typeEdge>1</typeEdge>
            <pointLst>
                <x>2145.0</x>
                <y>4176.0</y>
            </pointLst>
            <pointLst>
                <x>1873.0</x>
                <y>4176.0</y>
            </pointLst>
            <pointLst>
                <x>1873.0</x>
                <y>4094.0</y>
            </pointLst>
            <pointLst>
                <x>1936.0</x>
                <y>4094.0</y>
            </pointLst>
        </edge>
        <edge>
            <edgeId>18</edgeId>
            <inVertexId>7</inVertexId>
            <outVertexId>11</outVertexId>
            <typeEdge>1</typeEdge>
            <pointLst>
                <x>2330.0</x>
                <y>4093.0</y>
            </pointLst>
            <pointLst>
                <x>2358.0</x>
                <y>4093.0</y>
            </pointLst>
            <pointLst>
                <x>2358.0</x>
                <y>4178.0</y>
            </pointLst>
            <pointLst>
                <x>2217.0</x>
                <y>4178.0</y>
            </pointLst>
        </edge>
        <edge>
            <edgeId>21</edgeId>
            <inVertexId>6</inVertexId>
            <outVertexId>9</outVertexId>
            <typeEdge>1</typeEdge>
            <pointLst>
                <x>2329.0</x>
                <y>3806.0</y>
            </pointLst>
            <pointLst>
                <x>2377.0</x>
                <y>3806.0</y>
            </pointLst>
            <pointLst>
                <x>2377.0</x>
                <y>3701.0</y>
            </pointLst>
            <pointLst>
                <x>2198.0</x>
                <y>3701.0</y>
            </pointLst>
        </edge>
        <edge>
            <edgeId>20</edgeId>
            <inVertexId>14</inVertexId>
            <outVertexId>1</outVertexId>
            <typeEdge>1</typeEdge>
            <pointLst>
                <x>2478.0</x>
                <y>3997.0</y>
            </pointLst>
            <pointLst>
                <x>2478.0</x>
                <y>4234.0</y>
            </pointLst>
            <pointLst>
                <x>1714.0</x>
                <y>4234.0</y>
            </pointLst>
            <pointLst>
                <x>1714.0</x>
                <y>3978.0</y>
            </pointLst>
            <pointLst>
                <x>1747.0</x>
                <y>3978.0</y>
            </pointLst>
        </edge>
        <edge>
            <edgeId>22</edgeId>
            <inVertexId>9</inVertexId>
            <outVertexId>2</outVertexId>
            <typeEdge>1</typeEdge>
            <pointLst>
                <x>2127.0</x>
                <y>3680.0</y>
            </pointLst>
            <pointLst>
                <x>1846.0</x>
                <y>3680.0</y>
            </pointLst>
            <pointLst>
                <x>1846.0</x>
                <y>3810.0</y>
            </pointLst>
            <pointLst>
                <x>1926.0</x>
                <y>3809.0</y>
            </pointLst>
        </edge>
    </edgeLst>
    <nextVertexId>17</nextVertexId>
    <nextEdgeId>23</nextEdgeId>
    <nextPositionIndex>10</nextPositionIndex>
    <nextTransitionId>8</nextTransitionId>
    <dim>
        <scale>1.5</scale>
        <positionRadius>37.5</positionRadius>
        <markerRadius>7.5</markerRadius>
        <transitionHeight>75.0</transitionHeight>
        <transitionWidth>12.0</transitionWidth>
    </dim>
</petriNet>
