<?xml version="1.0" encoding="UTF-8" standalone="yes"?>
<petriNet xmlns="http://ptr.ulstu.ru/petriNetSch" xmlns:xsi="http://www.w3.org/2001/XMLSchema-instance" xsi:schemaLocation="http://ptr.ulstu.ru/petriNetSch petriNet.xsd">
    <vertexLst>
        <vertex>
            <vertexId>1</vertexId>
            <type>1</type>
            <marker>1</marker>
            <edgeJoinOut>
                <vertexId>5</vertexId>
                <count>1</count>
            </edgeJoinOut>
            <labelName>p1</labelName>
            <edgeIdLst>1</edgeIdLst>
            <place>
                <x>1810.0</x>
                <y>3735.0</y>
            </place>
            <labelPlace>
                <x>1832.0</x>
                <y>3696.0</y>
            </labelPlace>
        </vertex>
        <vertex>
            <vertexId>2</vertexId>
            <type>1</type>
            <marker>1</marker>
            <edgeJoinOut>
                <vertexId>5</vertexId>
                <count>1</count>
            </edgeJoinOut>
            <labelName>p2</labelName>
            <edgeIdLst>2</edgeIdLst>
            <place>
                <x>1824.0</x>
                <y>3975.0</y>
            </place>
            <labelPlace>
                <x>1846.0</x>
                <y>3936.0</y>
            </labelPlace>
        </vertex>
        <vertex>
            <vertexId>3</vertexId>
            <type>1</type>
            <marker>0</marker>
            <labelName>p3</labelName>
            <edgeIdLst>3</edgeIdLst>
            <place>
                <x>2118.0</x>
                <y>3719.0</y>
            </place>
            <labelPlace>
                <x>2140.0</x>
                <y>3680.0</y>
            </labelPlace>
        </vertex>
        <vertex>
            <vertexId>4</vertexId>
            <type>1</type>
            <marker>0</marker>
            <labelName>p4</labelName>
            <edgeIdLst>4</edgeIdLst>
            <edgeIdLst>5</edgeIdLst>
            <place>
                <x>2123.0</x>
                <y>3976.0</y>
            </place>
            <labelPlace>
                <x>2145.0</x>
                <y>3937.0</y>
            </labelPlace>
        </vertex>
        <vertex>
            <vertexId>5</vertexId>
            <type>2</type>
            <marker>0</marker>
            <edgeJoinOut>
                <vertexId>3</vertexId>
                <count>1</count>
            </edgeJoinOut>
            <edgeJoinOut>
                <vertexId>4</vertexId>
                <count>2</count>
            </edgeJoinOut>
            <labelName>t1</labelName>
            <edgeIdLst>1</edgeIdLst>
            <edgeIdLst>2</edgeIdLst>
            <edgeIdLst>3</edgeIdLst>
            <edgeIdLst>4</edgeIdLst>
            <edgeIdLst>5</edgeIdLst>
            <place>
                <x>2004.0</x>
                <y>3840.0</y>
            </place>
            <labelPlace>
                <x>1999.0</x>
                <y>3798.0</y>
            </labelPlace>
        </vertex>
    </vertexLst>
    <edgeLst>
        <edge>
            <edgeId>1</edgeId>
            <inVertexId>1</inVertexId>
            <outVertexId>5</outVertexId>
            <typeEdge>1</typeEdge>
            <pointLst>
                <x>1881.0</x>
                <y>3785.0</y>
            </pointLst>
            <pointLst>
                <x>2005.0</x>
                <y>3860.0</y>
            </pointLst>
        </edge>
        <edge>
            <edgeId>2</edgeId>
            <inVertexId>2</inVertexId>
            <outVertexId>5</outVertexId>
            <typeEdge>1</typeEdge>
            <pointLst>
                <x>1890.0</x>
                <y>3988.0</y>
            </pointLst>
            <pointLst>
                <x>2005.0</x>
                <y>3897.0</y>
            </pointLst>
        </edge>
        <edge>
            <edgeId>3</edgeId>
            <inVertexId>5</inVertexId>
            <outVertexId>3</outVertexId>
            <typeEdge>1</typeEdge>
            <pointLst>
                <x>2015.0</x>
                <y>3869.0</y>
            </pointLst>
            <pointLst>
                <x>2123.0</x>
                <y>3776.0</y>
            </pointLst>
        </edge>
        <edge>
            <edgeId>4</edgeId>
            <inVertexId>5</inVertexId>
            <outVertexId>4</outVertexId>
            <typeEdge>1</typeEdge>
            <pointLst>
                <x>2015.0</x>
                <y>3880.0</y>
            </pointLst>
            <pointLst>
                <x>2142.0</x>
                <y>3979.0</y>
            </pointLst>
        </edge>
        <edge>
            <edgeId>5</edgeId>
            <inVertexId>5</inVertexId>
            <outVertexId>4</outVertexId>
            <typeEdge>1</typeEdge>
            <pointLst>
                <x>2015.0</x>
                <y>3899.0</y>
            </pointLst>
            <pointLst>
                <x>2131.0</x>
                <y>3989.0</y>
            </pointLst>
        </edge>
    </edgeLst>
    <nextVertexId>6</nextVertexId>
    <nextEdgeId>6</nextEdgeId>
    <nextPositionIndex>5</nextPositionIndex>
    <nextTransitionId>2</nextTransitionId>
    <dim>
        <scale>1.5</scale>
        <positionRadius>37.5</positionRadius>
        <markerRadius>7.5</markerRadius>
        <transitionHeight>75.0</transitionHeight>
        <transitionWidth>12.0</transitionWidth>
    </dim>
</petriNet>
