<?xml version="1.0" encoding="UTF-8" standalone="yes"?>
<petriNet xmlns="http://ptr.ulstu.ru/petriNetSch" xmlns:xsi="http://www.w3.org/2001/XMLSchema-instance" xsi:schemaLocation="http://ptr.ulstu.ru/petriNetSch petriNet.xsd">
    <vertexLst>
        <vertex>
            <vertexId>1</vertexId>
            <type>1</type>
            <marker>0</marker>
            <edgeJoinOut>
                <vertexId>4</vertexId>
                <count>1</count>
            </edgeJoinOut>
            <edgeJoinOut>
                <vertexId>5</vertexId>
                <count>1</count>
            </edgeJoinOut>
            <labelName>p1</labelName>
            <edgeIdLst>1</edgeIdLst>
            <edgeIdLst>2</edgeIdLst>
            <edgeIdLst>8</edgeIdLst>
            <place>
                <x>2157.0</x>
                <y>3678.0</y>
            </place>
            <labelPlace>
                <x>2179.0</x>
                <y>3639.0</y>
            </labelPlace>
        </vertex>
        <vertex>
            <vertexId>2</vertexId>
            <type>1</type>
            <marker>0</marker>
            <edgeJoinOut>
                <vertexId>6</vertexId>
                <count>1</count>
            </edgeJoinOut>
            <labelName>p2</labelName>
            <edgeIdLst>3</edgeIdLst>
            <edgeIdLst>4</edgeIdLst>
            <edgeIdLst>9</edgeIdLst>
            <place>
                <x>2576.0</x>
                <y>3845.0</y>
            </place>
            <labelPlace>
                <x>2655.0</x>
                <y>3819.0</y>
            </labelPlace>
        </vertex>
        <vertex>
            <vertexId>3</vertexId>
            <type>1</type>
            <marker>0</marker>
            <edgeJoinOut>
                <vertexId>5</vertexId>
                <count>1</count>
            </edgeJoinOut>
            <edgeJoinOut>
                <vertexId>6</vertexId>
                <count>1</count>
            </edgeJoinOut>
            <labelName>p3</labelName>
            <edgeIdLst>5</edgeIdLst>
            <edgeIdLst>6</edgeIdLst>
            <edgeIdLst>7</edgeIdLst>
            <place>
                <x>2209.0</x>
                <y>4037.0</y>
            </place>
            <labelPlace>
                <x>2171.0</x>
                <y>4000.0</y>
            </labelPlace>
        </vertex>
        <vertex>
            <vertexId>4</vertexId>
            <type>2</type>
            <marker>0</marker>
            <edgeJoinOut>
                <vertexId>1</vertexId>
                <count>1</count>
            </edgeJoinOut>
            <edgeJoinOut>
                <vertexId>2</vertexId>
                <count>1</count>
            </edgeJoinOut>
            <labelName>t1</labelName>
            <edgeIdLst>1</edgeIdLst>
            <edgeIdLst>2</edgeIdLst>
            <edgeIdLst>3</edgeIdLst>
            <place>
                <x>2394.0</x>
                <y>3674.0</y>
            </place>
            <labelPlace>
                <x>2389.0</x>
                <y>3632.0</y>
            </labelPlace>
        </vertex>
        <vertex>
            <vertexId>5</vertexId>
            <type>2</type>
            <marker>0</marker>
            <edgeJoinOut>
                <vertexId>2</vertexId>
                <count>1</count>
            </edgeJoinOut>
            <labelName>t2</labelName>
            <edgeIdLst>7</edgeIdLst>
            <edgeIdLst>8</edgeIdLst>
            <edgeIdLst>9</edgeIdLst>
            <place>
                <x>2195.0</x>
                <y>3831.0</y>
            </place>
            <labelPlace>
                <x>2190.0</x>
                <y>3789.0</y>
            </labelPlace>
        </vertex>
        <vertex>
            <vertexId>6</vertexId>
            <type>2</type>
            <marker>0</marker>
            <edgeJoinOut>
                <vertexId>3</vertexId>
                <count>1</count>
            </edgeJoinOut>
            <labelName>t3</labelName>
            <edgeIdLst>4</edgeIdLst>
            <edgeIdLst>5</edgeIdLst>
            <edgeIdLst>6</edgeIdLst>
            <place>
                <x>2458.0</x>
                <y>4031.0</y>
            </place>
            <labelPlace>
                <x>2453.0</x>
                <y>3989.0</y>
            </labelPlace>
        </vertex>
    </vertexLst>
    <edgeLst>
        <edge>
            <edgeId>1</edgeId>
            <inVertexId>1</inVertexId>
            <outVertexId>4</outVertexId>
            <typeEdge>1</typeEdge>
            <pointLst>
                <x>2224.0</x>
                <y>3693.0</y>
            </pointLst>
            <pointLst>
                <x>2395.0</x>
                <y>3693.0</y>
            </pointLst>
        </edge>
        <edge>
            <edgeId>2</edgeId>
            <inVertexId>4</inVertexId>
            <outVertexId>1</outVertexId>
            <typeEdge>1</typeEdge>
            <pointLst>
                <x>2395.0</x>
                <y>3728.0</y>
            </pointLst>
            <pointLst>
                <x>2229.0</x>
                <y>3728.0</y>
            </pointLst>
        </edge>
        <edge>
            <edgeId>3</edgeId>
            <inVertexId>4</inVertexId>
            <outVertexId>2</outVertexId>
            <typeEdge>1</typeEdge>
            <pointLst>
                <x>2405.0</x>
                <y>3713.0</y>
            </pointLst>
            <pointLst>
                <x>2604.0</x>
                <y>3713.0</y>
            </pointLst>
            <pointLst>
                <x>2604.0</x>
                <y>3845.0</y>
            </pointLst>
        </edge>
        <edge>
            <edgeId>4</edgeId>
            <inVertexId>2</inVertexId>
            <outVertexId>6</outVertexId>
            <typeEdge>1</typeEdge>
            <pointLst>
                <x>2616.0</x>
                <y>3919.0</y>
            </pointLst>
            <pointLst>
                <x>2616.0</x>
                <y>4068.0</y>
            </pointLst>
            <pointLst>
                <x>2469.0</x>
                <y>4068.0</y>
            </pointLst>
        </edge>
        <edge>
            <edgeId>5</edgeId>
            <inVertexId>6</inVertexId>
            <outVertexId>3</outVertexId>
            <typeEdge>1</typeEdge>
            <pointLst>
                <x>2459.0</x>
                <y>4054.0</y>
            </pointLst>
            <pointLst>
                <x>2276.0</x>
                <y>4051.0</y>
            </pointLst>
        </edge>
        <edge>
            <edgeId>6</edgeId>
            <inVertexId>3</inVertexId>
            <outVertexId>6</outVertexId>
            <typeEdge>1</typeEdge>
            <pointLst>
                <x>2282.0</x>
                <y>4081.0</y>
            </pointLst>
            <pointLst>
                <x>2459.0</x>
                <y>4085.0</y>
            </pointLst>
        </edge>
        <edge>
            <edgeId>7</edgeId>
            <inVertexId>3</inVertexId>
            <outVertexId>5</outVertexId>
            <typeEdge>1</typeEdge>
            <pointLst>
                <x>2239.0</x>
                <y>4037.0</y>
            </pointLst>
            <pointLst>
                <x>2239.0</x>
                <y>3895.0</y>
            </pointLst>
            <pointLst>
                <x>2206.0</x>
                <y>3895.0</y>
            </pointLst>
        </edge>
        <edge>
            <edgeId>8</edgeId>
            <inVertexId>1</inVertexId>
            <outVertexId>5</outVertexId>
            <typeEdge>1</typeEdge>
            <pointLst>
                <x>2157.0</x>
                <y>3724.0</y>
            </pointLst>
            <pointLst>
                <x>2113.0</x>
                <y>3724.0</y>
            </pointLst>
            <pointLst>
                <x>2113.0</x>
                <y>3860.0</y>
            </pointLst>
            <pointLst>
                <x>2196.0</x>
                <y>3860.0</y>
            </pointLst>
        </edge>
        <edge>
            <edgeId>9</edgeId>
            <inVertexId>5</inVertexId>
            <outVertexId>2</outVertexId>
            <typeEdge>1</typeEdge>
            <pointLst>
                <x>2206.0</x>
                <y>3870.0</y>
            </pointLst>
            <pointLst>
                <x>2577.0</x>
                <y>3870.0</y>
            </pointLst>
        </edge>
    </edgeLst>
    <nextVertexId>7</nextVertexId>
    <nextEdgeId>10</nextEdgeId>
    <nextPositionIndex>4</nextPositionIndex>
    <nextTransitionId>4</nextTransitionId>
    <dim>
        <scale>1.5</scale>
        <positionRadius>37.5</positionRadius>
        <markerRadius>7.5</markerRadius>
        <transitionHeight>75.0</transitionHeight>
        <transitionWidth>12.0</transitionWidth>
    </dim>
</petriNet>
