<?xml version="1.0" encoding="UTF-8" standalone="yes"?>
<petriNet xmlns="http://ptr.ulstu.ru/petriNetSch" xmlns:xsi="http://www.w3.org/2001/XMLSchema-instance" xsi:schemaLocation="http://ptr.ulstu.ru/petriNetSch petriNet.xsd">
    <vertexLst>
        <vertex>
            <vertexId>1</vertexId>
            <type>1</type>
            <marker>0</marker>
            <edgeJoinOut>
                <vertexId>4</vertexId>
                <count>1</count>
            </edgeJoinOut>
            <edgeJoinOut>
                <vertexId>5</vertexId>
                <count>1</count>
            </edgeJoinOut>
            <labelName>p1</labelName>
            <edgeIdLst>1</edgeIdLst>
            <edgeIdLst>2</edgeIdLst>
            <place>
                <x>1774.0</x>
                <y>3960.0</y>
            </place>
            <labelPlace>
                <x>1796.0</x>
                <y>3921.0</y>
            </labelPlace>
        </vertex>
        <vertex>
            <vertexId>2</vertexId>
            <type>1</type>
            <marker>0</marker>
            <edgeJoinOut>
                <vertexId>6</vertexId>
                <count>1</count>
            </edgeJoinOut>
            <edgeJoinOut>
                <vertexId>7</vertexId>
                <count>1</count>
            </edgeJoinOut>
            <labelName>p2</labelName>
            <edgeIdLst>3</edgeIdLst>
            <edgeIdLst>5</edgeIdLst>
            <edgeIdLst>6</edgeIdLst>
            <edgeIdLst>8</edgeIdLst>
            <place>
                <x>2109.0</x>
                <y>3807.0</y>
            </place>
            <labelPlace>
                <x>2131.0</x>
                <y>3768.0</y>
            </labelPlace>
        </vertex>
        <vertex>
            <vertexId>3</vertexId>
            <type>1</type>
            <marker>0</marker>
            <edgeJoinOut>
                <vertexId>8</vertexId>
                <count>1</count>
            </edgeJoinOut>
            <labelName>p3</labelName>
            <edgeIdLst>4</edgeIdLst>
            <edgeIdLst>7</edgeIdLst>
            <edgeIdLst>9</edgeIdLst>
            <place>
                <x>2024.0</x>
                <y>4076.0</y>
            </place>
            <labelPlace>
                <x>2072.0</x>
                <y>4035.0</y>
            </labelPlace>
        </vertex>
        <vertex>
            <vertexId>4</vertexId>
            <type>2</type>
            <marker>0</marker>
            <edgeJoinOut>
                <vertexId>2</vertexId>
                <count>1</count>
            </edgeJoinOut>
            <labelName>t1</labelName>
            <edgeIdLst>1</edgeIdLst>
            <edgeIdLst>3</edgeIdLst>
            <place>
                <x>1901.0</x>
                <y>3801.0</y>
            </place>
            <labelPlace>
                <x>1896.0</x>
                <y>3759.0</y>
            </labelPlace>
        </vertex>
        <vertex>
            <vertexId>5</vertexId>
            <type>2</type>
            <marker>0</marker>
            <edgeJoinOut>
                <vertexId>3</vertexId>
                <count>1</count>
            </edgeJoinOut>
            <labelName>t2</labelName>
            <edgeIdLst>2</edgeIdLst>
            <edgeIdLst>4</edgeIdLst>
            <place>
                <x>1913.0</x>
                <y>4071.0</y>
            </place>
            <labelPlace>
                <x>1908.0</x>
                <y>4029.0</y>
            </labelPlace>
        </vertex>
        <vertex>
            <vertexId>6</vertexId>
            <type>2</type>
            <marker>0</marker>
            <edgeJoinOut>
                <vertexId>2</vertexId>
                <count>1</count>
            </edgeJoinOut>
            <labelName>t3</labelName>
            <edgeIdLst>5</edgeIdLst>
            <edgeIdLst>6</edgeIdLst>
            <place>
                <x>2285.0</x>
                <y>3794.0</y>
            </place>
            <labelPlace>
                <x>2280.0</x>
                <y>3752.0</y>
            </labelPlace>
        </vertex>
        <vertex>
            <vertexId>7</vertexId>
            <type>2</type>
            <marker>0</marker>
            <edgeJoinOut>
                <vertexId>3</vertexId>
                <count>1</count>
            </edgeJoinOut>
            <labelName>t4</labelName>
            <edgeIdLst>8</edgeIdLst>
            <edgeIdLst>9</edgeIdLst>
            <place>
                <x>2095.0</x>
                <y>3935.0</y>
            </place>
            <labelPlace>
                <x>2090.0</x>
                <y>3893.0</y>
            </labelPlace>
        </vertex>
        <vertex>
            <vertexId>8</vertexId>
            <type>2</type>
            <marker>0</marker>
            <labelName>t5</labelName>
            <edgeIdLst>7</edgeIdLst>
            <place>
                <x>2294.0</x>
                <y>4067.0</y>
            </place>
            <labelPlace>
                <x>2289.0</x>
                <y>4025.0</y>
            </labelPlace>
        </vertex>
    </vertexLst>
    <edgeLst>
        <edge>
            <edgeId>1</edgeId>
            <inVertexId>1</inVertexId>
            <outVertexId>4</outVertexId>
            <typeEdge>1</typeEdge>
            <pointLst>
                <x>1825.0</x>
                <y>3962.0</y>
            </pointLst>
            <pointLst>
                <x>1902.0</x>
                <y>3835.0</y>
            </pointLst>
        </edge>
        <edge>
            <edgeId>2</edgeId>
            <inVertexId>1</inVertexId>
            <outVertexId>5</outVertexId>
            <typeEdge>1</typeEdge>
            <pointLst>
                <x>1831.0</x>
                <y>4028.0</y>
            </pointLst>
            <pointLst>
                <x>1914.0</x>
                <y>4110.0</y>
            </pointLst>
        </edge>
        <edge>
            <edgeId>3</edgeId>
            <inVertexId>4</inVertexId>
            <outVertexId>2</outVertexId>
            <typeEdge>1</typeEdge>
            <pointLst>
                <x>1912.0</x>
                <y>3834.0</y>
            </pointLst>
            <pointLst>
                <x>2109.0</x>
                <y>3834.0</y>
            </pointLst>
        </edge>
        <edge>
            <edgeId>4</edgeId>
            <inVertexId>5</inVertexId>
            <outVertexId>3</outVertexId>
            <typeEdge>1</typeEdge>
            <pointLst>
                <x>1924.0</x>
                <y>4119.0</y>
            </pointLst>
            <pointLst>
                <x>2024.0</x>
                <y>4121.0</y>
            </pointLst>
        </edge>
        <edge>
            <edgeId>5</edgeId>
            <inVertexId>2</inVertexId>
            <outVertexId>6</outVertexId>
            <typeEdge>1</typeEdge>
            <pointLst>
                <x>2182.0</x>
                <y>3834.0</y>
            </pointLst>
            <pointLst>
                <x>2286.0</x>
                <y>3834.0</y>
            </pointLst>
        </edge>
        <edge>
            <edgeId>6</edgeId>
            <inVertexId>6</inVertexId>
            <outVertexId>2</outVertexId>
            <typeEdge>1</typeEdge>
            <pointLst>
                <x>2286.0</x>
                <y>3848.0</y>
            </pointLst>
            <pointLst>
                <x>2183.0</x>
                <y>3848.0</y>
            </pointLst>
        </edge>
        <edge>
            <edgeId>7</edgeId>
            <inVertexId>3</inVertexId>
            <outVertexId>8</outVertexId>
            <typeEdge>1</typeEdge>
            <pointLst>
                <x>2097.0</x>
                <y>4105.0</y>
            </pointLst>
            <pointLst>
                <x>2295.0</x>
                <y>4106.0</y>
            </pointLst>
        </edge>
        <edge>
            <edgeId>8</edgeId>
            <inVertexId>2</inVertexId>
            <outVertexId>7</outVertexId>
            <typeEdge>1</typeEdge>
            <pointLst>
                <x>2148.0</x>
                <y>3881.0</y>
            </pointLst>
            <pointLst>
                <x>2147.0</x>
                <y>3980.0</y>
            </pointLst>
            <pointLst>
                <x>2106.0</x>
                <y>3982.0</y>
            </pointLst>
        </edge>
        <edge>
            <edgeId>9</edgeId>
            <inVertexId>7</inVertexId>
            <outVertexId>3</outVertexId>
            <typeEdge>1</typeEdge>
            <pointLst>
                <x>2096.0</x>
                <y>3974.0</y>
            </pointLst>
            <pointLst>
                <x>2052.0</x>
                <y>3974.0</y>
            </pointLst>
            <pointLst>
                <x>2052.0</x>
                <y>4076.0</y>
            </pointLst>
        </edge>
    </edgeLst>
    <nextVertexId>9</nextVertexId>
    <nextEdgeId>10</nextEdgeId>
    <nextPositionIndex>4</nextPositionIndex>
    <nextTransitionId>6</nextTransitionId>
    <dim>
        <scale>1.5</scale>
        <positionRadius>37.5</positionRadius>
        <markerRadius>7.5</markerRadius>
        <transitionHeight>75.0</transitionHeight>
        <transitionWidth>12.0</transitionWidth>
    </dim>
</petriNet>
