<?xml version="1.0" encoding="UTF-8" standalone="yes"?>
<petriNet xmlns="http://ptr.ulstu.ru/petriNetSch" xmlns:xsi="http://www.w3.org/2001/XMLSchema-instance" xsi:schemaLocation="http://ptr.ulstu.ru/petriNetSch petriNet.xsd">
    <vertexLst>
        <vertex>
            <vertexId>1</vertexId>
            <type>2</type>
            <marker>0</marker>
            <edgeJoinOut>
                <vertexId>5</vertexId>
                <count>3</count>
            </edgeJoinOut>
            <labelName>t1</labelName>
            <edgeIdLst>1</edgeIdLst>
            <edgeIdLst>2</edgeIdLst>
            <edgeIdLst>3</edgeIdLst>
            <edgeIdLst>4</edgeIdLst>
            <edgeIdLst>5</edgeIdLst>
            <edgeIdLst>6</edgeIdLst>
            <edgeIdLst>7</edgeIdLst>
            <edgeIdLst>8</edgeIdLst>
            <place>
                <x>1986.0</x>
                <y>3929.0</y>
            </place>
            <labelPlace>
                <x>1981.0</x>
                <y>3887.0</y>
            </labelPlace>
        </vertex>
        <vertex>
            <vertexId>2</vertexId>
            <type>1</type>
            <marker>2</marker>
            <edgeJoinOut>
                <vertexId>1</vertexId>
                <count>1</count>
            </edgeJoinOut>
            <labelName>p1</labelName>
            <edgeIdLst>1</edgeIdLst>
            <place>
                <x>1783.0</x>
                <y>3776.0</y>
            </place>
            <labelPlace>
                <x>1805.0</x>
                <y>3737.0</y>
            </labelPlace>
        </vertex>
        <vertex>
            <vertexId>3</vertexId>
            <type>1</type>
            <marker>2</marker>
            <edgeJoinOut>
                <vertexId>1</vertexId>
                <count>2</count>
            </edgeJoinOut>
            <labelName>p2</labelName>
            <edgeIdLst>2</edgeIdLst>
            <edgeIdLst>3</edgeIdLst>
            <place>
                <x>1742.0</x>
                <y>3919.0</y>
            </place>
            <labelPlace>
                <x>1764.0</x>
                <y>3880.0</y>
            </labelPlace>
        </vertex>
        <vertex>
            <vertexId>4</vertexId>
            <type>1</type>
            <marker>3</marker>
            <edgeJoinOut>
                <vertexId>1</vertexId>
                <count>2</count>
            </edgeJoinOut>
            <labelName>p3</labelName>
            <edgeIdLst>4</edgeIdLst>
            <edgeIdLst>5</edgeIdLst>
            <place>
                <x>1784.0</x>
                <y>4086.0</y>
            </place>
            <labelPlace>
                <x>1806.0</x>
                <y>4047.0</y>
            </labelPlace>
        </vertex>
        <vertex>
            <vertexId>5</vertexId>
            <type>1</type>
            <marker>1</marker>
            <labelName>p4</labelName>
            <edgeIdLst>6</edgeIdLst>
            <edgeIdLst>7</edgeIdLst>
            <edgeIdLst>8</edgeIdLst>
            <place>
                <x>2100.0</x>
                <y>3928.0</y>
            </place>
            <labelPlace>
                <x>2122.0</x>
                <y>3889.0</y>
            </labelPlace>
        </vertex>
    </vertexLst>
    <edgeLst>
        <edge>
            <edgeId>1</edgeId>
            <inVertexId>2</inVertexId>
            <outVertexId>1</outVertexId>
            <typeEdge>1</typeEdge>
            <pointLst>
                <x>1854.0</x>
                <y>3828.0</y>
            </pointLst>
            <pointLst>
                <x>1987.0</x>
                <y>3946.0</y>
            </pointLst>
        </edge>
        <edge>
            <edgeId>2</edgeId>
            <inVertexId>3</inVertexId>
            <outVertexId>1</outVertexId>
            <typeEdge>1</typeEdge>
            <pointLst>
                <x>1816.0</x>
                <y>3952.0</y>
            </pointLst>
            <pointLst>
                <x>1987.0</x>
                <y>3953.0</y>
            </pointLst>
        </edge>
        <edge>
            <edgeId>3</edgeId>
            <inVertexId>3</inVertexId>
            <outVertexId>1</outVertexId>
            <typeEdge>1</typeEdge>
            <pointLst>
                <x>1815.0</x>
                <y>3966.0</y>
            </pointLst>
            <pointLst>
                <x>1987.0</x>
                <y>3967.0</y>
            </pointLst>
        </edge>
        <edge>
            <edgeId>4</edgeId>
            <inVertexId>4</inVertexId>
            <outVertexId>1</outVertexId>
            <typeEdge>1</typeEdge>
            <pointLst>
                <x>1839.0</x>
                <y>4090.0</y>
            </pointLst>
            <pointLst>
                <x>1987.0</x>
                <y>3980.0</y>
            </pointLst>
        </edge>
        <edge>
            <edgeId>5</edgeId>
            <inVertexId>4</inVertexId>
            <outVertexId>1</outVertexId>
            <typeEdge>1</typeEdge>
            <pointLst>
                <x>1856.0</x>
                <y>4111.0</y>
            </pointLst>
            <pointLst>
                <x>1987.0</x>
                <y>3999.0</y>
            </pointLst>
        </edge>
        <edge>
            <edgeId>6</edgeId>
            <inVertexId>1</inVertexId>
            <outVertexId>5</outVertexId>
            <typeEdge>1</typeEdge>
            <pointLst>
                <x>1997.0</x>
                <y>3977.0</y>
            </pointLst>
            <pointLst>
                <x>2100.0</x>
                <y>3972.0</y>
            </pointLst>
        </edge>
        <edge>
            <edgeId>7</edgeId>
            <inVertexId>1</inVertexId>
            <outVertexId>5</outVertexId>
            <typeEdge>1</typeEdge>
            <pointLst>
                <x>1997.0</x>
                <y>3990.0</y>
            </pointLst>
            <pointLst>
                <x>2105.0</x>
                <y>3985.0</y>
            </pointLst>
        </edge>
        <edge>
            <edgeId>8</edgeId>
            <inVertexId>1</inVertexId>
            <outVertexId>5</outVertexId>
            <typeEdge>1</typeEdge>
            <pointLst>
                <x>1997.0</x>
                <y>3958.0</y>
            </pointLst>
            <pointLst>
                <x>2100.0</x>
                <y>3958.0</y>
            </pointLst>
        </edge>
    </edgeLst>
    <nextVertexId>6</nextVertexId>
    <nextEdgeId>9</nextEdgeId>
    <nextPositionIndex>5</nextPositionIndex>
    <nextTransitionId>2</nextTransitionId>
    <dim>
        <scale>1.5</scale>
        <positionRadius>37.5</positionRadius>
        <markerRadius>7.5</markerRadius>
        <transitionHeight>75.0</transitionHeight>
        <transitionWidth>12.0</transitionWidth>
    </dim>
</petriNet>
