<?xml version = "1.0" encoding = "utf-8"?>
<!DOCTYPE hibernate-configuration SYSTEM
"http://www.hibernate.org/dtd/hibernate-configuration-3.0.dtd">
<hibernate-configuration>
   <session-factory>

      <property name="hibernate.current_session_context_class">
          thread
      </property>

      <property name = "hibernate.dialect">
         org.hibernate.dialect.MySQLDialect
      </property>

      <property name = "hibernate.connection.driver_class">
         com.mysql.jdbc.Driver
      </property>

      <property name = "hibernate.connection.url">
         jdbc:mysql://localhost/dbo_survey_system
      </property>

      <property name = "hibernate.connection.username">
         dbo
      </property>

      <property name = "hibernate.connection.password">
         123
      </property>

   </session-factory>
</hibernate-configuration>
